{"stats":{"minecraft:crafted":{"minecraft:cooked_beef":16,"minecraft:oak_planks":16,"farmersdelight:cooked_mutton_chops":2,"minecraft:crafting_table":2,"minecraft:spruce_planks":4,"minecraft:wooden_pickaxe":2,"fishofthieves:cooked_pondie":1,"minecraft:stone_axe":1,"minecraft:cooked_mutton":6,"minecraft:air":0,"minecraft:jungle_planks":8,"minecraft:stick":20,"minecraft:stone_pickaxe":2,"minecraft:stone_sword":1,"farmersdelight:cooked_bacon":3},"minecraft:custom":{"minecraft:interact_with_furnace":14,"minecraft:mob_kills":37,"tombstone:raider_killed":12,"minecraft:interact_with_crafting_table":11,"minecraft:open_barrel":14,"minecraft:interact_with_campfire":13,"minecraft:leave_game":10,"minecraft:time_since_death":7952,"minecraft:climb_one_cm":2446,"minecraft:time_since_rest":5553,"minecraft:waystone_activated":1,"minecraft:sprint_one_cm":395923,"minecraft:damage_taken":2230,"minecraft:walk_one_cm":264738,"minecraft:drop":36,"minecraft:damage_dealt":5790,"minecraft:swim_one_cm":10059,"minecraft:talked_to_villager":10,"minecraft:fly_one_cm":386965,"minecraft:open_chest":36,"minecraft:crouch_one_cm":3367,"minecraft:play_time":130160,"tombstone:undead_killed":3,"minecraft:deaths":2,"minecraft:sneak_time":1301,"minecraft:walk_under_water_one_cm":3010,"minecraft:jump":2050,"minecraft:walk_on_water_one_cm":13473,"minecraft:interact_with_smoker":6,"minecraft:total_world_time":130160,"minecraft:fall_one_cm":53650},"minecraft:broken":{"minecraft:wooden_sword":1},"minecraft:killed":{"minecraft:witch":3,"farlanders:looter":1,"farlanders:rebel":1,"hunters_return:hunter":8,"minecraft:spider":2,"minecraft:sheep":4,"minecraft:horse":1,"minecraft:skeleton":2,"minecraft:pillager":1,"alexsmobs:crocodile":1,"minecraft:zombie":1,"minecraft:chicken":1,"alexsmobs:fly":1,"farlanders:classic_enderman":1,"minecraft:cow":9},"minecraft:picked_up":{"minecraft:wheat":1,"minecraft:iron_chestplate":1,"minecraft:crafting_table":3,"minecraft:chicken":13,"minecraft:jungle_log":2,"minecraft:leather":12,"minecraft:enchanted_book":2,"minecraft:oak_log":6,"minecraft:dirt":14,"minecraft:string":3,"minecraft:moss_carpet":1,"minecraft:armor_stand":2,"cyclic:flower_lime_carnation":3,"minecraft:apple":13,"minecraft:wheat_seeds":3,"minecraft:beef":26,"minecraft:cooked_chicken":19,"fishofthieves:earthworms":1,"minecraft:glass_bottle":2,"minecraft:glowstone_dust":4,"minecraft:sugar_cane":12,"minecraft:book":63,"minecraft:oak_slab":1,"alexsmobs:crocodile_egg":1,"minecraft:sand":1,"cyclic:flower_absalon_tulip":1,"minecraft:carrot":6,"tombstone:grave_dust":1,"minecraft:grass_block":1,"minecraft:spruce_log":1,"alexsmobs:crocodile_scute":2,"minecraft:sugar":2,"minecraft:arrow":62,"minecraft:rotten_flesh":4,"minecraft:crossbow":1,"quark:hollow_birch_log":1,"minecraft:emerald":4,"alexsmobs:maggot":2,"minecraft:oak_sapling":1,"minecraft:mutton":10,"minecraft:coal":3,"minecraft:white_wool":4,"minecraft:cobblestone":16,"minecraft:ender_pearl":1},"minecraft:dropped":{"minecraft:moss_carpet":1,"minecraft:oak_slab":1,"bountiful:bounty":1,"minecraft:sugar_cane":12,"minecraft:wheat_seeds":3,"quark:hollow_birch_log":1,"minecraft:glass_bottle":2,"cyclic:flower_absalon_tulip":1,"minecraft:rotten_flesh":4,"minecraft:cobblestone":2,"minecraft:glowstone_dust":4,"cyclic:flower_lime_carnation":3,"blue_skies:ventium_ingot":1,"minecraft:carrot":1,"minecraft:cod":2,"minecraft:flint":1,"minecraft:dirt":4,"minecraft:mutton":5,"minecraft:oak_sapling":1,"minecraft:sand":1,"minecraft:arrow":30,"hunters_return:boomerang":1,"minecraft:wooden_pickaxe":2,"minecraft:armor_stand":2},"minecraft:mined":{"minecraft:oak_slab":1,"cyclic:flower_lime_carnation":3,"cyclic:flower_absalon_tulip":1,"biomemakeover:reed":1,"farmersdelight:wild_carrots":7,"minecraft:dandelion":1,"minecraft:crafting_table":3,"minecraft:torch":1,"minecraft:dark_oak_fence":2,"minecraft:grass_block":7,"biomemakeover:cattail":1,"minecraft:jungle_log":2,"minecraft:tall_grass":4,"minecraft:cobblestone":5,"minecraft:spruce_leaves":3,"biomesoplenty:huge_clover_petal":44,"minecraft:sugar_cane":6,"quark:hollow_birch_log":1,"biomesoplenty:toadstool":1,"minecraft:spruce_log":1,"minecraft:moss_carpet":1,"minecraft:grass":13,"minecraft:bookshelf":22,"biomesoplenty:clover":14,"minecraft:oak_log":6,"minecraft:coal_ore":3,"minecraft:sand":1,"minecraft:dirt":8,"minecraft:cobweb":1,"minecraft:stone":12,"minecraft:oak_leaves":1},"minecraft:used":{"minecraft:cooked_mutton":3,"minecraft:water_bucket":1,"minecraft:stone_sword":82,"minecraft:stone_pickaxe":19,"minecraft:oak_planks":1,"minecraft:wooden_pickaxe":10,"minecraft:dirt":10,"minecraft:crafting_table":5,"minecraft:crossbow":21,"minecraft:carrot":9,"minecraft:bread":12,"adorn:guide_book":1,"minecraft:stone_axe":30,"minecraft:wooden_sword":95,"fishofthieves:cooked_pondie":1,"minecraft:beef":1,"tombstone:gift":4,"farmersdelight:cooked_mutton_chops":2,"alexsmobs:animal_dictionary":1,"minecraft:cooked_beef":11}},"DataVersion":3465}