{"stats":{"minecraft:mined":{"minecraft:crafting_table":1,"minecraft:grass":1,"biomesoplenty:clover":11,"minecraft:grass_block":6,"minecraft:oak_log":2,"minecraft:dirt":8,"minecraft:tall_grass":2,"biomesoplenty:huge_clover_petal":42},"minecraft:killed":{"minecraft:sheep":4,"minecraft:horse":1,"minecraft:spider":1,"alexsmobs:fly":1,"farlanders:classic_enderman":1,"minecraft:cow":8},"minecraft:used":{"minecraft:bread":12,"adorn:guide_book":1,"minecraft:wooden_sword":77,"minecraft:dirt":10,"minecraft:beef":1,"alexsmobs:animal_dictionary":1},"minecraft:dropped":{"minecraft:dirt":3,"minecraft:wheat_seeds":3},"minecraft:custom":{"minecraft:time_since_rest":78062,"minecraft:sprint_one_cm":195017,"minecraft:interact_with_furnace":9,"minecraft:damage_taken":355,"minecraft:walk_one_cm":127944,"minecraft:mob_kills":16,"minecraft:drop":6,"minecraft:damage_dealt":2019,"minecraft:talked_to_villager":10,"minecraft:interact_with_crafting_table":2,"minecraft:fly_one_cm":180087,"minecraft:open_barrel":4,"minecraft:open_chest":11,"minecraft:crouch_one_cm":1391,"minecraft:play_time":78062,"minecraft:sneak_time":355,"minecraft:jump":973,"minecraft:leave_game":3,"minecraft:time_since_death":78062,"minecraft:total_world_time":78062,"minecraft:fall_one_cm":30559},"minecraft:picked_up":{"minecraft:crafting_table":1,"minecraft:leather":10,"minecraft:oak_log":2,"minecraft:grass_block":1,"minecraft:string":2,"minecraft:dirt":13,"minecraft:wheat_seeds":3,"minecraft:beef":16,"fishofthieves:earthworms":1,"alexsmobs:maggot":2,"minecraft:mutton":6,"minecraft:white_wool":4,"minecraft:ender_pearl":1}},"DataVersion":3465}