{"stats":{"minecraft:mined":{"biomesoplenty:clover":6,"minecraft:grass_block":3,"minecraft:dirt":8,"minecraft:tall_grass":2,"biomesoplenty:huge_clover_petal":27},"minecraft:killed":{"minecraft:sheep":3,"minecraft:horse":1,"alexsmobs:fly":1,"minecraft:cow":8},"minecraft:used":{"minecraft:wooden_sword":57,"minecraft:dirt":9,"minecraft:bread":9,"alexsmobs:animal_dictionary":1,"adorn:guide_book":1},"minecraft:dropped":{"minecraft:dirt":1,"minecraft:wheat_seeds":3},"minecraft:custom":{"minecraft:interact_with_furnace":4,"minecraft:time_since_rest":66062,"minecraft:open_chest":8,"minecraft:crouch_one_cm":294,"minecraft:play_time":66062,"minecraft:sprint_one_cm":145322,"minecraft:damage_taken":225,"minecraft:walk_one_cm":79227,"minecraft:sneak_time":170,"minecraft:mob_kills":13,"minecraft:drop":4,"minecraft:jump":741,"minecraft:damage_dealt":1379,"minecraft:leave_game":3,"minecraft:time_since_death":66062,"minecraft:total_world_time":66062,"minecraft:interact_with_crafting_table":2,"minecraft:talked_to_villager":8,"minecraft:fall_one_cm":22014,"minecraft:fly_one_cm":139276,"minecraft:open_barrel":2},"minecraft:picked_up":{"minecraft:leather":10,"minecraft:wheat_seeds":3,"minecraft:beef":16,"fishofthieves:earthworms":1,"alexsmobs:maggot":2,"minecraft:mutton":4,"minecraft:dirt":10,"minecraft:white_wool":3}},"DataVersion":3465}