{"stats":{"minecraft:crafted":{"minecraft:cooked_beef":16,"minecraft:oak_planks":16,"farmersdelight:cooked_mutton_chops":2,"minecraft:crafting_table":2,"minecraft:spruce_planks":4,"minecraft:wooden_pickaxe":2,"fishofthieves:cooked_pondie":1,"minecraft:stone_axe":1,"minecraft:cooked_mutton":6,"minecraft:air":0,"minecraft:stick":20,"minecraft:stone_pickaxe":2,"minecraft:stone_sword":1,"farmersdelight:cooked_bacon":3},"minecraft:custom":{"minecraft:interact_with_furnace":14,"minecraft:mob_kills":25,"tombstone:raider_killed":6,"minecraft:interact_with_crafting_table":10,"minecraft:open_barrel":14,"minecraft:leave_game":9,"minecraft:time_since_death":14772,"minecraft:climb_one_cm":487,"minecraft:time_since_rest":14616,"minecraft:waystone_activated":1,"minecraft:sprint_one_cm":273705,"minecraft:damage_taken":1080,"minecraft:walk_one_cm":189600,"minecraft:drop":21,"minecraft:damage_dealt":3725,"minecraft:talked_to_villager":10,"minecraft:fly_one_cm":243278,"minecraft:open_chest":19,"minecraft:crouch_one_cm":3203,"minecraft:play_time":103131,"tombstone:undead_killed":2,"minecraft:deaths":1,"minecraft:sneak_time":1183,"minecraft:jump":1350,"minecraft:walk_on_water_one_cm":3810,"minecraft:total_world_time":103131,"minecraft:interact_with_smoker":6,"minecraft:fall_one_cm":39052},"minecraft:broken":{"minecraft:wooden_sword":1},"minecraft:killed":{"hunters_return:hunter":6,"minecraft:spider":2,"minecraft:sheep":4,"minecraft:horse":1,"minecraft:skeleton":1,"minecraft:zombie":1,"alexsmobs:fly":1,"farlanders:classic_enderman":1,"minecraft:cow":8},"minecraft:picked_up":{"minecraft:crafting_table":3,"minecraft:chicken":7,"minecraft:leather":10,"minecraft:oak_log":6,"minecraft:string":3,"minecraft:dirt":14,"cyclic:flower_lime_carnation":3,"minecraft:apple":12,"minecraft:wheat_seeds":3,"minecraft:beef":23,"minecraft:cooked_chicken":6,"fishofthieves:earthworms":1,"minecraft:oak_slab":1,"minecraft:sand":1,"cyclic:flower_absalon_tulip":1,"tombstone:grave_dust":1,"minecraft:spruce_log":1,"minecraft:grass_block":1,"minecraft:arrow":23,"minecraft:rotten_flesh":4,"minecraft:crossbow":1,"minecraft:emerald":1,"alexsmobs:maggot":2,"minecraft:oak_sapling":1,"minecraft:mutton":8,"minecraft:coal":2,"minecraft:white_wool":4,"minecraft:cobblestone":16,"minecraft:ender_pearl":1},"minecraft:dropped":{"minecraft:oak_slab":1,"bountiful:bounty":1,"minecraft:wheat_seeds":3,"cyclic:flower_absalon_tulip":1,"minecraft:rotten_flesh":4,"cyclic:flower_lime_carnation":3,"blue_skies:ventium_ingot":1,"minecraft:dirt":4,"minecraft:oak_sapling":1,"minecraft:sand":1,"hunters_return:boomerang":1,"minecraft:wooden_pickaxe":2},"minecraft:mined":{"minecraft:oak_slab":1,"cyclic:flower_lime_carnation":3,"cyclic:flower_absalon_tulip":1,"minecraft:crafting_table":3,"minecraft:grass_block":7,"minecraft:tall_grass":3,"minecraft:cobblestone":5,"minecraft:spruce_leaves":2,"biomesoplenty:huge_clover_petal":44,"minecraft:spruce_log":1,"minecraft:grass":3,"biomesoplenty:clover":14,"minecraft:oak_log":6,"minecraft:coal_ore":2,"minecraft:sand":1,"minecraft:dirt":8,"minecraft:stone":12,"minecraft:oak_leaves":1},"minecraft:used":{"minecraft:cooked_mutton":3,"minecraft:water_bucket":1,"minecraft:stone_sword":23,"minecraft:stone_pickaxe":17,"minecraft:oak_planks":1,"minecraft:wooden_pickaxe":10,"minecraft:dirt":10,"minecraft:crafting_table":4,"minecraft:crossbow":1,"minecraft:bread":12,"adorn:guide_book":1,"fishofthieves:cooked_pondie":1,"minecraft:stone_axe":2,"minecraft:wooden_sword":95,"minecraft:beef":1,"tombstone:gift":2,"farmersdelight:cooked_mutton_chops":2,"alexsmobs:animal_dictionary":1,"minecraft:cooked_beef":2}},"DataVersion":3465}