{"stats":{"minecraft:broken":{"minecraft:wooden_sword":1,"minecraft:iron_sword":2,"minecraft:stone_shovel":1,"minecraft:stone_sword":1,"minecraft:iron_axe":7,"minecraft:iron_pickaxe":1},"minecraft:killed":{"minecraft:cave_spider":5,"minecraft:witch":5,"minecraft:spider":7,"alexsmobs:murmur":2,"minecraft:skeleton":38,"minecraft:chicken":1,"artifacts:mimic":3,"farlanders:farlander":1,"minecraft:pig":6,"farlanders:rebel":5,"minecraft:zombie_villager":1,"hunters_return:hunter":8,"minecraft:iron_golem":1,"minecraft:creeper":7,"minecraft:sheep":6,"minecraft:pillager":2,"minecraft:zombie":89,"alexsmobs:fly":2,"minecraft:cow":9,"mca:male_zombie_villager":1,"minecraft:vindicator":1,"minecraft:slime":3,"minecraft:phantom":1,"minecraft:horse":1,"minecraft:drowned":3,"alexsmobs:skreecher":1,"minecraft:warden":1,"farlanders:classic_enderman":2,"farlanders:looter":1,"farlanders:ender_golem":1,"alexsmobs:crocodile":1,"alexsmobs:cockroach":1,"biomemakeover:helmit_crab":2},"minecraft:dropped":{"minecraft:brown_mushroom":1,"biomesoplenty:pink_daffodil":1,"minecraft:oak_log":9,"minecraft:glass_bottle":2,"minecraft:jungle_fence":1,"biomesoplenty:mahogany_planks":15,"minecraft:jungle_planks":4,"biomesoplenty:orange_cosmos":2,"minecraft:rail":28,"farmersdelight:rice":1,"minecraft:cod":2,"minecraft:leather_helmet":1,"artifacts:vampiric_glove":1,"minecraft:flint":1,"minecraft:red_mushroom":1,"minecraft:dirt":94,"minecraft:mutton":10,"minecraft:jungle_sapling":2,"minecraft:gold_nugget":3,"minecraft:wooden_sword":1,"minecraft:sand":1,"minecraft:sugar":2,"minecraft:white_wool":2,"minecraft:gold_ingot":1,"biomesoplenty:mahogany_slab":1,"minecraft:armor_stand":2,"minecraft:bone":7,"biomesoplenty:stripped_mahogany_log":1,"minecraft:gravel":4,"minecraft:stone_axe":3,"bountiful:bounty":1,"minecraft:sugar_cane":14,"cyclic:flower_absalon_tulip":1,"alexsmobs:crocodile_egg":1,"minecraft:iron_nugget":18,"minecraft:cobbled_deepslate":26,"alexscaves:radrock":9,"biomesoplenty:mahogany_stairs":8,"minecraft:rotten_flesh":62,"minecraft:oak_planks":4,"minecraft:glowstone_dust":4,"farlanders:ender_horn":1,"cyclic:flower_lime_carnation":3,"minecraft:carrot":1,"quark:blossom_chest":1,"minecraft:poppy":2,"supplementaries:flax_seeds":9,"alexsmobs:elastic_tendon":1,"minecraft:gunpowder":1,"quark:hollow_oak_log":1,"minecraft:acacia_sapling":3,"fishofthieves:stormfish":1,"minecraft:iron_bars":2,"minecraft:arrow":39,"biomesoplenty:mahogany_sapling":2,"minecraft:netherrack":1,"farmersdelight:tomato_seeds":1,"biomesoplenty:mahogany_log":49,"minecraft:bread":21,"minecraft:iron_ingot":9,"minecraft:oak_slab":1,"minecraft:wheat_seeds":33,"quark:hollow_birch_log":1,"biomesoplenty:maple_sapling":8,"minecraft:feather":2,"minecraft:prismarine_crystals":1,"minecraft:cobblestone":108,"minecraft:copper_ingot":3,"blue_skies:ventium_ingot":1,"minecraft:coal":23,"minecraft:stick":5,"travelersbackpack:sandstone":1,"minecraft:cobweb":19,"biomesoplenty:orange_sand":1,"alexsmobs:leafcutter_ant_chamber":1,"minecraft:rose_bush":8,"tombstone:grave_dust":1,"supplementaries:sign_post_oak":1,"minecraft:string":2,"minecraft:acacia_planks":6,"minecraft:smooth_basalt":1,"minecraft:dandelion":2,"minecraft:furnace":1,"minecraft:moss_carpet":1,"alexscaves:uranium":4,"minecraft:coarse_dirt":3,"minecraft:raw_copper":8,"farmersdelight:cabbage_seeds":4,"biomemakeover:raw_crab":1,"minecraft:filled_map":1,"minecraft:hay_block":1,"minecraft:potato":1,"fishofthieves:earthworms":2,"create:veridium":1,"create:zinc_ingot":5,"minecraft:spruce_planks":2,"minecraft:diamond_pickaxe":1,"minecraft:yellow_bed":1,"minecraft:oak_sapling":130,"biomesoplenty:blue_hydrangea":1,"minecraft:stone_bricks":3,"minecraft:bow":2,"sophisticatedbackpacks:copper_backpack":1,"hunters_return:boomerang":1,"minecraft:stone_pickaxe":1,"minecraft:wooden_pickaxe":2,"minecraft:raw_gold":1,"minecraft:calcite":4,"farmersdelight:tomato":2,"minecraft:brick":4},"minecraft:mined":{"minecraft:large_amethyst_bud":1,"create:deepslate_zinc_ore":36,"minecraft:spruce_planks":2,"minecraft:farmland":1,"biomemakeover:wild_mushrooms":1,"quark:orange_blossom_leaves":33,"biomemakeover:reed":1,"minecraft:sculk_vein":3,"minecraft:cobblestone_stairs":4,"alexsmobs:leafcutter_anthill":1,"minecraft:obsidian":4,"biomesoplenty:mahogany_door":1,"minecraft:granite":11,"minecraft:budding_amethyst":4,"minecraft:acacia_log":5,"minecraft:grass_block":171,"biomesoplenty:stripped_mahogany_log":42,"minecraft:jungle_log":13,"quark:stripped_blossom_log":21,"minecraft:composter":1,"minecraft:chiseled_stone_bricks":1,"minecraft:spawner":3,"quark:hollow_birch_log":1,"quark:blossom_chest":5,"minecraft:sculk_catalyst":1,"diagonalfences:quark/blossom_fence":7,"biomesoplenty:orange_cosmos":2,"minecraft:cobbled_deepslate":10,"farmersdelight:rice":1,"minecraft:iron_ore":43,"minecraft:fire":1,"minecraft:moss_carpet":28,"quark:blossom_fence_gate":5,"quark:blossom_planks":17,"minecraft:deepslate_lapis_ore":7,"biomesoplenty:hanging_cobweb":2,"minecraft:sculk_shrieker":1,"biomesoplenty:glowflower":1,"biomesoplenty:webbing":5,"farmersdelight:rice_panicles":1,"betterarcheology:loot_vase":1,"quark:blossom_planks_slab":16,"create:veridium":1,"minecraft:deepslate_redstone_ore":20,"cyclic:flower_lime_carnation":3,"minecraft:medium_amethyst_bud":1,"minecraft:smoker":1,"minecraft:amethyst_cluster":3,"biomesoplenty:hanging_cobweb_strand":1,"minecraft:torch":27,"minecraft:blast_furnace":2,"minecraft:calcite":3,"minecraft:poppy":2,"minecraft:melon":3,"supplementaries:wild_flax":5,"quark:blossom_log":410,"farmersdelight:cabbages":1,"minecraft:cobblestone":43,"minecraft:sugar_cane":35,"minecraft:oak_planks":8,"biomesoplenty:mahogany_slab":24,"minecraft:wall_torch":29,"minecraft:amethyst_block":87,"minecraft:birch_log":78,"biomesoplenty:maple_leaves":4,"minecraft:grass":85,"biomesoplenty:clover":15,"minecraft:oak_log":413,"minecraft:sand":1,"minecraft:dirt":52,"quark:hollow_oak_log":1,"minecraft:smooth_basalt":1,"travelersbackpack:emerald":1,"minecraft:oak_leaves":28,"minecraft:deepslate":822,"alexscaves:spelunkery_table":1,"minecraft:tuff":3,"minecraft:light_gray_stained_glass_pane":2,"minecraft:deepslate_diamond_ore":14,"alexscaves:radrock":11,"farmersdelight:wild_carrots":7,"minecraft:dark_oak_fence":2,"biomesoplenty:bush":4,"biomemakeover:cattail":1,"minecraft:decorated_pot":1,"minecraft:jungle_planks":4,"alexsmobs:leafcutter_ant_chamber":2,"quark:jungle_chest":3,"farmersdelight:tomatoes":1,"biomesoplenty:mahogany_sapling":4,"minecraft:spruce_leaves":4,"minecraft:kelp":1,"minecraft:large_fern":2,"minecraft:hay_block":35,"alexscaves:radrock_uranium_ore":44,"biomesoplenty:toadstool":1,"minecraft:andesite":16,"biomesoplenty:sea_oats":1,"minecraft:bookshelf":22,"biomesoplenty:high_grass":1,"minecraft:deepslate_iron_ore":35,"minecraft:vine":2,"minecraft:lantern":45,"quark:blossom_trapdoor":3,"biomesoplenty:spider_egg":1,"minecraft:stone":425,"minecraft:oak_slab":1,"cyclic:flower_absalon_tulip":1,"biomesoplenty:orange_sand":1,"minecraft:dandelion":3,"minecraft:crafting_table":10,"minecraft:emerald_ore":3,"biomesoplenty:mahogany_planks":60,"minecraft:rose_bush":4,"minecraft:andesite_slab":1,"minecraft:sculk_sensor":2,"minecraft:copper_ore":2,"biomesoplenty:high_grass_plant":5,"minecraft:tall_grass":11,"biomesoplenty:huge_clover_petal":44,"minecraft:deepslate_gold_ore":49,"minecraft:lapis_ore":21,"minecraft:sculk":5,"minecraft:diorite":23,"biomesoplenty:mahogany_trapdoor":10,"supplementaries:urn":31,"minecraft:birch_planks":27,"minecraft:coarse_dirt":3,"quark:blossom_planks_stairs":71,"betterarcheology:fossiliferous_dirt":1,"minecraft:cobblestone_wall":3,"biomesoplenty:blue_hydrangea":1,"additional_lights:fire_for_standing_torch_s":1,"biomesoplenty:mahogany_log":511,"biomesoplenty:pink_daffodil":2,"minecraft:spruce_log":2,"minecraft:birch_leaves":4,"minecraft:jungle_fence":1,"minecraft:coal_ore":140,"biomesoplenty:mahogany_stairs":15,"minecraft:gravel":15,"minecraft:cobweb":5,"minecraft:stone_bricks":5,"minecraft:gold_ore":17,"minecraft:fern":48},"minecraft:custom":{"minecraft:interact_with_crafting_table":84,"minecraft:open_barrel":45,"minecraft:leave_game":19,"minecraft:time_since_death":14708,"minecraft:sprint_one_cm":1687174,"minecraft:drop":231,"minecraft:talked_to_villager":11,"minecraft:play_time":731805,"minecraft:deaths":26,"minecraft:interact_with_brewingstand":1,"minecraft:jump":10819,"minecraft:walk_on_water_one_cm":86795,"minecraft:interact_with_furnace":55,"minecraft:interact_with_cartography_table":1,"minecraft:interact_with_loom":2,"minecraft:waystone_activated":5,"minecraft:damage_dealt":50743,"minecraft:crouch_one_cm":199369,"tombstone:undead_killed":135,"tombstone:villager_killed":1,"minecraft:interact_with_smoker":6,"minecraft:mob_kills":225,"minecraft:interact_with_campfire":16,"minecraft:damage_dealt_resisted":147,"minecraft:climb_one_cm":11905,"minecraft:walk_one_cm":1611886,"minecraft:damage_dealt_absorbed":10,"minecraft:sneak_time":62797,"minecraft:walk_under_water_one_cm":54803,"minecraft:interact_with_blast_furnace":2,"minecraft:total_world_time":731805,"tombstone:raider_killed":17,"minecraft:interact_with_stonecutter":1,"minecraft:time_since_rest":14506,"minecraft:damage_taken":18663,"minecraft:swim_one_cm":199469,"minecraft:fly_one_cm":1513433,"minecraft:open_chest":327,"minecraft:fall_one_cm":277498},"minecraft:crafted":{"minecraft:oak_planks":340,"minecraft:cobblestone_stairs":4,"biomesoplenty:mahogany_slab":42,"minecraft:cooked_mutton":6,"minecraft:oak_slab":126,"quark:blossom_planks":360,"minecraft:cooked_porkchop":9,"minecraft:crafting_table":8,"minecraft:spruce_planks":4,"minecraft:wooden_pickaxe":2,"fishofthieves:cooked_pondie":1,"minecraft:copper_ingot":3,"additional_lights:fire_for_standing_torch_s":5,"minecraft:birch_planks":60,"minecraft:campfire":8,"farmersdelight:beef_patty":6,"minecraft:diamond_pickaxe":2,"minecraft:stick":296,"minecraft:iron_ingot":31,"minecraft:iron_pickaxe":2,"minecraft:stone_sword":1,"farmersdelight:cooked_bacon":3,"biomesoplenty:mahogany_trapdoor":26,"quark:blossom_trapdoor":2,"quark:blossom_planks_stairs":84,"quark:blossom_planks_slab":30,"biomesoplenty:mahogany_planks":364,"quark:jungle_chest":5,"minecraft:furnace":1,"minecraft:bone_meal":120,"quark:blossom_chest":3,"quark:blossom_fence":54,"minecraft:iron_axe":9,"minecraft:stone_pickaxe":2,"minecraft:cobblestone_wall":6,"biomesoplenty:mahogany_stairs":16,"minecraft:wheat":315,"minecraft:cooked_beef":34,"quark:blossom_fence_gate":34,"farmersdelight:cooked_mutton_chops":2,"minecraft:amethyst_shard":16,"minecraft:iron_sword":4,"minecraft:stone_axe":1,"minecraft:amethyst_block":6,"minecraft:bread":99,"minecraft:air":0,"minecraft:jungle_planks":52,"biomesoplenty:mahogany_door":3,"minecraft:iron_shovel":1,"quark:blossom_button":1,"minecraft:acacia_planks":8,"minecraft:torch":220},"minecraft:used":{"minecraft:moss_carpet":1,"biomesoplenty:mahogany_slab":73,"minecraft:iron_sword":780,"minecraft:jungle_planks":5,"minecraft:carrot":11,"travelersbackpack:emerald":3,"minecraft:lava_bucket":7,"minecraft:stone_bricks":3,"fishofthieves:cooked_pondie":1,"biomesoplenty:mahogany_sapling":17,"quark:blossom_chest":7,"minecraft:furnace":1,"minecraft:oak_planks":11,"minecraft:stone_pickaxe":19,"biomesoplenty:mahogany_trapdoor":35,"minecraft:wooden_pickaxe":10,"biomesoplenty:mahogany_door":5,"minecraft:blast_furnace":1,"minecraft:crossbow":40,"quark:blossom_fence_gate":14,"quark:blossom_button":1,"waystones:waystone":1,"minecraft:bread":106,"minecraft:melon_slice":19,"adorn:guide_book":1,"quark:blossom_fence":34,"minecraft:wooden_sword":95,"minecraft:bone_meal":83,"biomesoplenty:mahogany_planks":134,"minecraft:stone_sword":153,"minecraft:stone_shovel":197,"quark:jungle_chest":7,"minecraft:cooked_chicken":19,"minecraft:torch":360,"minecraft:dirt":108,"minecraft:cobblestone_wall":3,"quark:blossom_planks_slab":16,"farmersdelight:beef_patty":6,"biomesoplenty:mahogany_stairs":25,"minecraft:iron_axe":2026,"minecraft:beef":1,"quark:blossom_planks":24,"tombstone:gift":8,"farmersdelight:cooked_mutton_chops":2,"minecraft:cooked_beef":25,"minecraft:cobbled_deepslate":14,"quark:orange_blossom_sapling":6,"quark:blossom_log":39,"minecraft:cooked_mutton":3,"minecraft:water_bucket":4,"tombstone:scroll_of_knowledge":2,"minecraft:cobblestone_stairs":4,"minecraft:birch_planks":27,"minecraft:andesite_slab":1,"biomesoplenty:mahogany_log":307,"minecraft:crafting_table":16,"minecraft:red_mushroom":1,"minecraft:campfire":2,"minecraft:spruce_log":1,"minecraft:oak_log":28,"minecraft:diamond_pickaxe":1568,"minecraft:apple":72,"biomesoplenty:pink_daffodil":1,"tombstone:tablet_of_assistance":6,"minecraft:iron_pickaxe":405,"alexsmobs:crocodile_egg":1,"quark:blossom_planks_stairs":146,"minecraft:stone_axe":93,"farmersdelight:cooked_bacon":3,"minecraft:cobblestone":116,"additional_lights:fire_for_standing_torch_s":5,"travelersbackpack:standard":2,"minecraft:cooked_porkchop":10,"minecraft:bucket":12,"quark:blossom_trapdoor":3,"alexsmobs:animal_dictionary":1,"alexscaves:radrock":2},"minecraft:picked_up":{"minecraft:iron_chestplate":1,"minecraft:wheat":1,"quark:hollow_oak_log":1,"minecraft:enchanted_book":3,"minecraft:amethyst_block":84,"travelersbackpack:emerald":2,"minecraft:string":12,"minecraft:raw_copper":13,"biomesoplenty:stripped_mahogany_log":43,"minecraft:armor_stand":2,"minecraft:cobbled_deepslate":827,"minecraft:spruce_planks":2,"minecraft:rose_bush":8,"minecraft:calcite":4,"minecraft:melon_slice":19,"quark:blossom_fence_gate":5,"alexsmobs:leafcutter_ant_chamber":1,"minecraft:furnace":1,"biomemakeover:raw_crab":1,"minecraft:stick":138,"minecraft:composter":1,"minecraft:torch":197,"minecraft:acacia_log":2,"minecraft:porkchop":16,"quark:blossom_log":388,"tombstone:grave_dust":23,"minecraft:diorite":16,"quark:blossom_planks":15,"minecraft:rotten_flesh":63,"biomesoplenty:mahogany_sapling":66,"create:veridium":1,"quark:blossom_chest":5,"supplementaries:ash":42,"minecraft:iron_bars":2,"minecraft:obsidian":4,"biomesoplenty:orange_cosmos":2,"minecraft:cobblestone":463,"minecraft:birch_log":76,"minecraft:feather":2,"farmersdelight:rice":1,"minecraft:jungle_log":13,"minecraft:andesite":12,"minecraft:potato":1,"minecraft:flint":3,"minecraft:tuff":3,"create:raw_zinc":26,"supplementaries:flax_seeds":10,"quark:blossom_fence":7,"minecraft:lapis_lazuli":187,"farmersdelight:tomato":2,"minecraft:dirt":342,"minecraft:lantern":43,"minecraft:name_tag":1,"minecraft:bone":89,"minecraft:acacia_planks":2,"minecraft:bow":5,"minecraft:wheat_seeds":32,"minecraft:raw_gold":39,"fishofthieves:earthworms":29,"minecraft:diamond_helmet":1,"minecraft:glowstone_dust":4,"minecraft:oak_planks":6,"biomesoplenty:mahogany_planks":66,"minecraft:cooked_porkchop":3,"alexsmobs:crocodile_egg":2,"alexscaves:uranium":44,"minecraft:jungle_planks":3,"minecraft:sand":1,"cyclic:flower_absalon_tulip":1,"minecraft:grass_block":2,"biomesoplenty:glowflower":1,"minecraft:bundle":3,"minecraft:sugar":2,"quark:blossom_planks_stairs":64,"minecraft:diamond":14,"waystones:waystone":3,"minecraft:crossbow":1,"minecraft:granite":11,"minecraft:emerald":12,"minecraft:bread":148,"alexsmobs:maggot":3,"biomesoplenty:pink_daffodil":2,"minecraft:oak_sapling":193,"minecraft:netherrack":1,"minecraft:andesite_slab":1,"minecraft:diamond_pickaxe":2,"minecraft:coarse_dirt":3,"minecraft:crafting_table":10,"minecraft:chicken":13,"minecraft:brown_mushroom":1,"travelersbackpack:sandstone":1,"minecraft:brick":4,"minecraft:moss_carpet":26,"minecraft:iron_axe":1,"minecraft:wooden_sword":1,"farlanders:ender_horn":1,"cyclic:flower_lime_carnation":3,"minecraft:beef":31,"alexsmobs:elastic_tendon":4,"minecraft:jungle_sapling":2,"minecraft:iron_nugget":47,"minecraft:poppy":2,"minecraft:sugar_cane":51,"minecraft:birch_sapling":17,"minecraft:egg":1,"minecraft:raw_iron":73,"artifacts:charm_of_sinking":1,"farmersdelight:minced_beef":6,"quark:jungle_chest":3,"artifacts:vampiric_glove":1,"farmersdelight:tomato_seeds":1,"quark:blossom_planks_slab":4,"minecraft:carrot":7,"minecraft:redstone":95,"create:zinc_ingot":16,"alexsmobs:crocodile_scute":3,"minecraft:tnt":9,"supplementaries:sign_post_oak":1,"minecraft:stone_shovel":2,"biomesoplenty:blue_hydrangea":1,"minecraft:arrow":95,"quark:orange_blossom_sapling":30,"minecraft:hay_block":36,"alexscaves:spelunkery_table":1,"biomesoplenty:mahogany_stairs":21,"minecraft:gold_ingot":34,"quark:stripped_blossom_log":20,"minecraft:mutton":19,"minecraft:bone_block":27,"minecraft:rail":14,"minecraft:skeleton_skull":1,"minecraft:white_wool":6,"biomesoplenty:orange_sand":1,"biomesoplenty:mahogany_trapdoor":10,"minecraft:leather":12,"minecraft:jungle_fence":1,"minecraft:red_mushroom":2,"alexsmobs:skreecher_soul":1,"minecraft:birch_planks":27,"minecraft:oak_log":279,"minecraft:gunpowder":5,"minecraft:yellow_bed":2,"minecraft:cobblestone_wall":3,"minecraft:cobblestone_stairs":4,"tombstone:gift":1,"biomesoplenty:mahogany_slab":39,"minecraft:apple":31,"minecraft:stone_bricks":6,"alexsmobs:cockroach_wing_fragment":1,"minecraft:rabbit_hide":7,"alexscaves:radrock":11,"minecraft:iron_ingot":47,"minecraft:cooked_chicken":19,"minecraft:cobweb":25,"artifacts:kitty_slippers":1,"minecraft:glass_bottle":2,"minecraft:iron_sword":2,"minecraft:acacia_sapling":3,"minecraft:book":63,"minecraft:sculk_catalyst":1,"minecraft:oak_slab":1,"minecraft:smooth_basalt":1,"minecraft:chiseled_stone_bricks":1,"minecraft:dandelion":2,"minecraft:gravel":33,"minecraft:amethyst_shard":8,"minecraft:blast_furnace":2,"minecraft:spruce_log":2,"quark:blossom_trapdoor":3,"minecraft:spider_eye":3,"minecraft:leather_helmet":1,"biomesoplenty:mahogany_log":512,"biomesoplenty:maple_sapling":8,"minecraft:slime_ball":2,"minecraft:stone_axe":2,"biomesoplenty:mahogany_door":2,"minecraft:iron_helmet":2,"quark:hollow_birch_log":1,"tombstone:magic_scroll":1,"minecraft:coal":215,"minecraft:ender_pearl":1}},"DataVersion":3465}