{"stats":{"minecraft:crafted":{"minecraft:oak_planks":32,"biomesoplenty:mahogany_planks":76,"quark:jungle_chest":5,"minecraft:furnace":1,"minecraft:cooked_mutton":6,"minecraft:iron_axe":1,"minecraft:stone_pickaxe":2,"minecraft:cooked_beef":34,"farmersdelight:cooked_mutton_chops":2,"minecraft:cooked_porkchop":9,"minecraft:crafting_table":3,"minecraft:spruce_planks":4,"minecraft:wooden_pickaxe":2,"minecraft:iron_sword":1,"fishofthieves:cooked_pondie":1,"minecraft:stone_axe":1,"farmersdelight:beef_patty":6,"minecraft:air":0,"minecraft:jungle_planks":52,"minecraft:diamond_pickaxe":1,"minecraft:stick":56,"minecraft:iron_ingot":10,"minecraft:iron_pickaxe":2,"minecraft:stone_sword":1,"farmersdelight:cooked_bacon":3,"minecraft:torch":80},"minecraft:custom":{"minecraft:mob_kills":78,"minecraft:interact_with_crafting_table":28,"minecraft:open_barrel":31,"minecraft:interact_with_campfire":13,"minecraft:leave_game":11,"minecraft:time_since_death":107937,"minecraft:climb_one_cm":5726,"minecraft:sprint_one_cm":728379,"minecraft:walk_one_cm":466828,"minecraft:drop":72,"minecraft:talked_to_villager":10,"minecraft:play_time":230145,"minecraft:deaths":2,"minecraft:sneak_time":6608,"minecraft:walk_under_water_one_cm":7109,"minecraft:jump":4216,"minecraft:walk_on_water_one_cm":21011,"minecraft:total_world_time":230145,"minecraft:interact_with_furnace":35,"tombstone:raider_killed":12,"minecraft:interact_with_cartography_table":1,"minecraft:interact_with_stonecutter":1,"minecraft:time_since_rest":105538,"minecraft:waystone_activated":3,"minecraft:damage_taken":3757,"minecraft:damage_dealt":13978,"minecraft:swim_one_cm":51471,"minecraft:fly_one_cm":705988,"minecraft:open_chest":84,"minecraft:crouch_one_cm":16280,"tombstone:undead_killed":32,"minecraft:interact_with_smoker":6,"minecraft:fall_one_cm":106665},"minecraft:broken":{"minecraft:stone_sword":1,"minecraft:wooden_sword":1,"minecraft:iron_pickaxe":1},"minecraft:killed":{"minecraft:witch":3,"minecraft:spider":4,"minecraft:skeleton":14,"minecraft:horse":1,"minecraft:chicken":1,"farlanders:classic_enderman":2,"artifacts:mimic":1,"farlanders:looter":1,"farlanders:rebel":3,"hunters_return:hunter":8,"minecraft:iron_golem":1,"minecraft:creeper":2,"minecraft:sheep":4,"minecraft:pillager":1,"alexsmobs:crocodile":1,"minecraft:zombie":18,"alexsmobs:fly":1,"minecraft:cow":9,"biomemakeover:helmit_crab":2},"minecraft:picked_up":{"minecraft:crafting_table":3,"minecraft:iron_chestplate":1,"minecraft:wheat":1,"minecraft:chicken":13,"minecraft:enchanted_book":2,"minecraft:string":3,"minecraft:moss_carpet":1,"minecraft:armor_stand":2,"cyclic:flower_lime_carnation":3,"minecraft:cobbled_deepslate":174,"minecraft:beef":31,"minecraft:rose_bush":4,"minecraft:jungle_sapling":2,"minecraft:poppy":1,"minecraft:sugar_cane":12,"biomemakeover:raw_crab":1,"minecraft:stick":13,"minecraft:raw_iron":18,"artifacts:charm_of_sinking":1,"farmersdelight:minced_beef":6,"minecraft:torch":9,"quark:jungle_chest":1,"farmersdelight:tomato_seeds":1,"tombstone:grave_dust":2,"minecraft:diorite":10,"minecraft:carrot":6,"minecraft:redstone":72,"alexsmobs:crocodile_scute":2,"minecraft:arrow":76,"minecraft:rotten_flesh":17,"biomesoplenty:mahogany_sapling":2,"supplementaries:ash":3,"minecraft:mutton":15,"biomesoplenty:orange_cosmos":1,"minecraft:white_wool":4,"minecraft:cobblestone":151,"minecraft:feather":2,"farmersdelight:rice":1,"minecraft:andesite":8,"minecraft:jungle_log":13,"minecraft:leather":12,"minecraft:jungle_fence":1,"supplementaries:flax_seeds":2,"minecraft:flint":3,"minecraft:tuff":3,"create:raw_zinc":25,"minecraft:oak_log":10,"minecraft:gunpowder":2,"minecraft:lapis_lazuli":187,"farmersdelight:tomato":2,"minecraft:dirt":38,"minecraft:bone":23,"minecraft:apple":13,"minecraft:bow":1,"minecraft:wheat_seeds":3,"minecraft:raw_gold":4,"minecraft:iron_ingot":12,"minecraft:cooked_chicken":19,"fishofthieves:earthworms":7,"minecraft:diamond_helmet":1,"minecraft:glass_bottle":2,"minecraft:glowstone_dust":4,"biomesoplenty:mahogany_planks":12,"minecraft:book":63,"minecraft:oak_slab":1,"minecraft:gravel":19,"alexsmobs:crocodile_egg":2,"minecraft:sand":1,"minecraft:jungle_planks":3,"cyclic:flower_absalon_tulip":1,"minecraft:spruce_log":2,"minecraft:grass_block":2,"minecraft:leather_helmet":1,"minecraft:diamond":6,"minecraft:bundle":1,"biomesoplenty:mahogany_log":19,"minecraft:sugar":2,"minecraft:stone_axe":2,"waystones:waystone":1,"minecraft:crossbow":1,"quark:hollow_birch_log":1,"minecraft:emerald":4,"alexsmobs:maggot":2,"tombstone:magic_scroll":1,"minecraft:oak_sapling":1,"minecraft:coal":46,"minecraft:ender_pearl":1},"minecraft:dropped":{"farmersdelight:tomato_seeds":1,"minecraft:iron_ingot":7,"minecraft:oak_slab":1,"minecraft:wheat_seeds":3,"quark:hollow_birch_log":1,"minecraft:glass_bottle":2,"minecraft:jungle_fence":1,"minecraft:feather":2,"minecraft:cobblestone":103,"biomesoplenty:mahogany_planks":12,"minecraft:jungle_planks":4,"blue_skies:ventium_ingot":1,"biomesoplenty:orange_cosmos":1,"minecraft:leather_helmet":1,"farmersdelight:rice":1,"minecraft:cod":2,"minecraft:stick":4,"minecraft:flint":1,"minecraft:dirt":4,"minecraft:mutton":10,"minecraft:rose_bush":4,"minecraft:jungle_sapling":2,"minecraft:sand":1,"minecraft:sugar":2,"minecraft:bone":1,"minecraft:armor_stand":2,"minecraft:stone_axe":3,"minecraft:moss_carpet":1,"bountiful:bounty":1,"minecraft:sugar_cane":12,"alexsmobs:crocodile_egg":1,"cyclic:flower_absalon_tulip":1,"minecraft:rotten_flesh":17,"minecraft:glowstone_dust":4,"cyclic:flower_lime_carnation":3,"minecraft:carrot":1,"biomemakeover:raw_crab":1,"minecraft:poppy":1,"minecraft:oak_sapling":1,"fishofthieves:stormfish":1,"minecraft:wooden_pickaxe":2,"minecraft:arrow":30,"hunters_return:boomerang":1,"biomesoplenty:mahogany_sapling":2,"minecraft:stone_pickaxe":1,"farmersdelight:tomato":2},"minecraft:used":{"minecraft:stone_sword":153,"quark:jungle_chest":6,"minecraft:iron_sword":73,"minecraft:torch":86,"minecraft:dirt":34,"minecraft:jungle_planks":5,"minecraft:carrot":9,"minecraft:iron_axe":9,"fishofthieves:cooked_pondie":1,"minecraft:beef":1,"minecraft:furnace":1,"tombstone:gift":6,"farmersdelight:cooked_mutton_chops":2,"minecraft:cooked_beef":25,"minecraft:cobbled_deepslate":4,"minecraft:cooked_mutton":3,"minecraft:water_bucket":1,"minecraft:stone_pickaxe":19,"minecraft:oak_planks":1,"minecraft:wooden_pickaxe":10,"minecraft:crafting_table":6,"minecraft:crossbow":40,"minecraft:spruce_log":1,"minecraft:diamond_pickaxe":75,"minecraft:apple":6,"minecraft:bread":12,"minecraft:iron_pickaxe":405,"adorn:guide_book":1,"minecraft:stone_axe":93,"farmersdelight:cooked_bacon":3,"minecraft:wooden_sword":95,"minecraft:cobblestone":3,"minecraft:cooked_porkchop":7,"minecraft:bucket":1,"alexsmobs:animal_dictionary":1},"minecraft:mined":{"create:deepslate_zinc_ore":25,"minecraft:tuff":3,"minecraft:deepslate_diamond_ore":6,"biomemakeover:reed":1,"farmersdelight:wild_carrots":7,"minecraft:dark_oak_fence":2,"minecraft:grass_block":16,"biomemakeover:cattail":1,"minecraft:jungle_planks":4,"minecraft:jungle_log":13,"quark:jungle_chest":1,"farmersdelight:tomatoes":1,"minecraft:spruce_leaves":3,"quark:hollow_birch_log":1,"minecraft:large_fern":1,"biomesoplenty:toadstool":1,"biomesoplenty:orange_cosmos":1,"farmersdelight:rice":1,"minecraft:iron_ore":12,"minecraft:cobbled_deepslate":1,"minecraft:andesite":8,"minecraft:moss_carpet":1,"minecraft:deepslate_lapis_ore":7,"biomesoplenty:sea_oats":1,"minecraft:bookshelf":22,"minecraft:deepslate_iron_ore":6,"minecraft:vine":2,"farmersdelight:rice_panicles":1,"minecraft:stone":137,"minecraft:deepslate_redstone_ore":15,"minecraft:oak_slab":1,"cyclic:flower_lime_carnation":3,"cyclic:flower_absalon_tulip":1,"minecraft:dandelion":1,"minecraft:crafting_table":3,"minecraft:torch":3,"minecraft:poppy":1,"minecraft:lapis_ore":21,"farmersdelight:cabbages":1,"minecraft:tall_grass":4,"minecraft:cobblestone":15,"minecraft:deepslate_gold_ore":4,"biomesoplenty:huge_clover_petal":44,"minecraft:sugar_cane":6,"minecraft:oak_planks":2,"minecraft:sculk":2,"minecraft:diorite":11,"minecraft:wall_torch":4,"supplementaries:urn":5,"biomesoplenty:mahogany_log":26,"minecraft:spruce_log":2,"minecraft:jungle_fence":1,"minecraft:grass":18,"biomesoplenty:clover":14,"minecraft:coal_ore":46,"minecraft:oak_log":10,"minecraft:gravel":12,"minecraft:sand":1,"minecraft:dirt":10,"minecraft:cobweb":1,"minecraft:deepslate":173,"minecraft:oak_leaves":10,"minecraft:fern":20}},"DataVersion":3465}