{"stats":{"minecraft:killed":{"minecraft:horse":1,"minecraft:cow":3},"minecraft:used":{"minecraft:wooden_sword":12},"minecraft:custom":{"minecraft:jump":158,"minecraft:time_since_rest":32113,"minecraft:damage_dealt":550,"minecraft:leave_game":2,"minecraft:sprint_one_cm":25342,"minecraft:play_time":32113,"minecraft:damage_taken":10,"minecraft:time_since_death":32113,"minecraft:walk_one_cm":10482,"minecraft:total_world_time":32113,"minecraft:mob_kills":4,"minecraft:fall_one_cm":4656,"minecraft:fly_one_cm":30292},"minecraft:picked_up":{"minecraft:beef":7,"minecraft:leather":5}},"DataVersion":3465}