{"stats":{"minecraft:mined":{"minecraft:grass_block":1,"minecraft:dirt":7},"minecraft:killed":{"minecraft:horse":1,"minecraft:cow":3},"minecraft:used":{"minecraft:wooden_sword":14,"minecraft:dirt":7,"minecraft:bread":3},"minecraft:custom":{"minecraft:time_since_rest":44113,"minecraft:crouch_one_cm":160,"minecraft:play_time":44113,"minecraft:sprint_one_cm":32534,"minecraft:damage_taken":205,"minecraft:walk_one_cm":15812,"minecraft:sneak_time":78,"minecraft:mob_kills":4,"minecraft:jump":211,"minecraft:damage_dealt":619,"minecraft:leave_game":2,"minecraft:time_since_death":44113,"minecraft:total_world_time":44113,"minecraft:fall_one_cm":6119,"minecraft:fly_one_cm":42681},"minecraft:picked_up":{"minecraft:leather":5,"minecraft:wheat_seeds":1,"minecraft:beef":7,"fishofthieves:earthworms":1,"minecraft:dirt":7}},"DataVersion":3465}