{"stats":{"minecraft:mined":{"biomesoplenty:clover":1,"minecraft:grass_block":3,"minecraft:dirt":8,"minecraft:tall_grass":2},"minecraft:killed":{"minecraft:sheep":3,"minecraft:horse":1,"minecraft:cow":8},"minecraft:used":{"minecraft:wooden_sword":34,"minecraft:dirt":9,"minecraft:bread":6,"adorn:guide_book":1},"minecraft:dropped":{"minecraft:dirt":1,"minecraft:wheat_seeds":3},"minecraft:custom":{"minecraft:time_since_rest":54062,"minecraft:open_chest":3,"minecraft:crouch_one_cm":160,"minecraft:play_time":54062,"minecraft:sprint_one_cm":70713,"minecraft:damage_taken":225,"minecraft:walk_one_cm":25610,"minecraft:sneak_time":78,"minecraft:mob_kills":12,"minecraft:drop":4,"minecraft:jump":475,"minecraft:damage_dealt":1359,"minecraft:leave_game":3,"minecraft:time_since_death":54062,"minecraft:total_world_time":54062,"minecraft:talked_to_villager":2,"minecraft:fall_one_cm":15686,"minecraft:fly_one_cm":96054},"minecraft:picked_up":{"minecraft:leather":10,"minecraft:wheat_seeds":3,"minecraft:beef":16,"fishofthieves:earthworms":1,"minecraft:mutton":4,"minecraft:dirt":10,"minecraft:white_wool":3}},"DataVersion":3465}