{"stats":{"minecraft:killed":{"minecraft:skeleton":1,"minecraft:sheep":4,"minecraft:horse":1,"minecraft:zombie":1,"minecraft:spider":2,"alexsmobs:fly":1,"farlanders:classic_enderman":1,"minecraft:cow":8},"minecraft:mined":{"minecraft:oak_slab":1,"minecraft:crafting_table":1,"minecraft:grass":3,"minecraft:coal_ore":2,"biomesoplenty:clover":14,"minecraft:grass_block":7,"minecraft:oak_log":6,"minecraft:dirt":8,"minecraft:tall_grass":3,"minecraft:cobblestone":5,"biomesoplenty:huge_clover_petal":44,"minecraft:stone":2,"minecraft:oak_leaves":1},"minecraft:used":{"minecraft:cooked_mutton":3,"minecraft:bread":12,"minecraft:stone_pickaxe":11,"minecraft:wooden_pickaxe":5,"adorn:guide_book":1,"minecraft:wooden_sword":95,"minecraft:dirt":10,"minecraft:beef":1,"minecraft:crafting_table":2,"tombstone:gift":2,"alexsmobs:animal_dictionary":1,"minecraft:cooked_beef":1},"minecraft:broken":{"minecraft:wooden_sword":1},"minecraft:dropped":{"minecraft:dirt":4,"minecraft:oak_slab":1,"minecraft:wheat_seeds":3,"minecraft:rotten_flesh":2,"minecraft:wooden_pickaxe":1,"blue_skies:ventium_ingot":1},"minecraft:custom":{"minecraft:time_since_rest":1547,"minecraft:sprint_one_cm":214792,"minecraft:interact_with_furnace":14,"minecraft:damage_taken":820,"minecraft:walk_one_cm":155267,"minecraft:mob_kills":19,"minecraft:drop":11,"minecraft:damage_dealt":2619,"minecraft:talked_to_villager":10,"minecraft:interact_with_crafting_table":7,"minecraft:fly_one_cm":200981,"minecraft:open_barrel":8,"minecraft:deaths":1,"minecraft:open_chest":12,"minecraft:crouch_one_cm":2400,"minecraft:play_time":90062,"tombstone:undead_killed":2,"minecraft:sneak_time":763,"minecraft:jump":1128,"minecraft:leave_game":3,"minecraft:walk_on_water_one_cm":1220,"minecraft:time_since_death":1703,"minecraft:total_world_time":90062,"minecraft:fall_one_cm":34499},"minecraft:picked_up":{"minecraft:crafting_table":1,"minecraft:leather":10,"minecraft:oak_log":6,"minecraft:grass_block":1,"minecraft:string":3,"minecraft:dirt":14,"minecraft:arrow":1,"minecraft:rotten_flesh":2,"minecraft:wheat_seeds":3,"minecraft:beef":16,"fishofthieves:earthworms":1,"alexsmobs:maggot":2,"minecraft:oak_sapling":1,"minecraft:coal":2,"minecraft:mutton":6,"minecraft:oak_slab":1,"minecraft:white_wool":4,"minecraft:cobblestone":6,"minecraft:ender_pearl":1},"minecraft:crafted":{"minecraft:cooked_beef":11,"minecraft:oak_planks":16,"minecraft:crafting_table":1,"minecraft:stick":20,"minecraft:wooden_pickaxe":1,"minecraft:stone_pickaxe":1,"minecraft:cooked_mutton":6,"minecraft:air":0}},"DataVersion":3465}