{"stats":{"minecraft:crafted":{"minecraft:oak_planks":16,"biomesoplenty:mahogany_planks":76,"quark:jungle_chest":5,"minecraft:furnace":1,"minecraft:cooked_mutton":6,"minecraft:iron_axe":1,"minecraft:stone_pickaxe":2,"minecraft:cooked_beef":30,"farmersdelight:cooked_mutton_chops":2,"minecraft:cooked_porkchop":9,"minecraft:crafting_table":3,"minecraft:spruce_planks":4,"minecraft:wooden_pickaxe":2,"minecraft:iron_sword":1,"fishofthieves:cooked_pondie":1,"minecraft:stone_axe":1,"minecraft:air":0,"minecraft:jungle_planks":52,"minecraft:stick":20,"minecraft:iron_ingot":9,"minecraft:iron_pickaxe":2,"minecraft:stone_sword":1,"farmersdelight:cooked_bacon":3,"minecraft:torch":40},"minecraft:custom":{"minecraft:mob_kills":73,"minecraft:interact_with_crafting_table":22,"minecraft:open_barrel":14,"minecraft:interact_with_campfire":13,"minecraft:leave_game":11,"minecraft:time_since_death":65937,"minecraft:climb_one_cm":2478,"minecraft:sprint_one_cm":623180,"minecraft:walk_one_cm":400306,"minecraft:drop":65,"minecraft:talked_to_villager":10,"minecraft:play_time":188145,"minecraft:deaths":2,"minecraft:sneak_time":2414,"minecraft:walk_under_water_one_cm":6538,"minecraft:jump":3618,"minecraft:walk_on_water_one_cm":19655,"minecraft:total_world_time":188145,"minecraft:interact_with_furnace":26,"tombstone:raider_killed":12,"minecraft:interact_with_cartography_table":1,"minecraft:interact_with_stonecutter":1,"minecraft:time_since_rest":63538,"minecraft:waystone_activated":2,"minecraft:damage_taken":3306,"minecraft:damage_dealt":12447,"minecraft:swim_one_cm":40721,"minecraft:fly_one_cm":617456,"minecraft:open_chest":66,"minecraft:crouch_one_cm":6641,"tombstone:undead_killed":29,"minecraft:interact_with_smoker":6,"minecraft:fall_one_cm":91777},"minecraft:broken":{"minecraft:stone_sword":1,"minecraft:wooden_sword":1},"minecraft:killed":{"minecraft:witch":3,"minecraft:spider":4,"minecraft:skeleton":13,"minecraft:horse":1,"minecraft:chicken":1,"farlanders:classic_enderman":1,"farlanders:looter":1,"farlanders:rebel":3,"hunters_return:hunter":8,"minecraft:iron_golem":1,"minecraft:creeper":2,"minecraft:sheep":4,"minecraft:pillager":1,"alexsmobs:crocodile":1,"minecraft:zombie":16,"alexsmobs:fly":1,"minecraft:cow":9,"biomemakeover:helmit_crab":2},"minecraft:picked_up":{"minecraft:crafting_table":3,"minecraft:iron_chestplate":1,"minecraft:wheat":1,"minecraft:chicken":13,"minecraft:enchanted_book":2,"minecraft:string":3,"minecraft:moss_carpet":1,"minecraft:armor_stand":2,"cyclic:flower_lime_carnation":3,"minecraft:beef":31,"minecraft:rose_bush":4,"minecraft:jungle_sapling":2,"minecraft:poppy":1,"minecraft:sugar_cane":12,"biomemakeover:raw_crab":1,"minecraft:stick":9,"minecraft:raw_iron":9,"farmersdelight:minced_beef":6,"quark:jungle_chest":1,"farmersdelight:tomato_seeds":1,"tombstone:grave_dust":2,"minecraft:carrot":6,"alexsmobs:crocodile_scute":2,"minecraft:arrow":74,"minecraft:rotten_flesh":13,"biomesoplenty:mahogany_sapling":2,"minecraft:mutton":15,"biomesoplenty:orange_cosmos":1,"minecraft:white_wool":4,"minecraft:cobblestone":39,"minecraft:feather":2,"farmersdelight:rice":1,"minecraft:jungle_log":13,"minecraft:leather":12,"minecraft:oak_log":6,"minecraft:gunpowder":2,"farmersdelight:tomato":2,"minecraft:dirt":38,"minecraft:bone":14,"minecraft:apple":13,"minecraft:bow":1,"minecraft:wheat_seeds":3,"minecraft:iron_ingot":12,"minecraft:cooked_chicken":19,"fishofthieves:earthworms":7,"minecraft:glass_bottle":2,"minecraft:glowstone_dust":4,"biomesoplenty:mahogany_planks":12,"minecraft:book":63,"minecraft:oak_slab":1,"alexsmobs:crocodile_egg":2,"minecraft:sand":1,"minecraft:jungle_planks":1,"cyclic:flower_absalon_tulip":1,"minecraft:spruce_log":2,"minecraft:grass_block":1,"minecraft:leather_helmet":1,"minecraft:bundle":1,"biomesoplenty:mahogany_log":19,"minecraft:sugar":2,"minecraft:stone_axe":2,"minecraft:crossbow":1,"quark:hollow_birch_log":1,"minecraft:emerald":4,"alexsmobs:maggot":2,"tombstone:magic_scroll":1,"minecraft:oak_sapling":1,"minecraft:coal":25,"minecraft:ender_pearl":1},"minecraft:dropped":{"farmersdelight:tomato_seeds":1,"minecraft:iron_ingot":7,"minecraft:oak_slab":1,"minecraft:wheat_seeds":3,"quark:hollow_birch_log":1,"minecraft:glass_bottle":2,"minecraft:feather":2,"minecraft:cobblestone":2,"biomesoplenty:mahogany_planks":12,"minecraft:jungle_planks":4,"blue_skies:ventium_ingot":1,"biomesoplenty:orange_cosmos":1,"minecraft:leather_helmet":1,"farmersdelight:rice":1,"minecraft:cod":2,"minecraft:flint":1,"minecraft:dirt":4,"minecraft:mutton":10,"minecraft:rose_bush":4,"minecraft:jungle_sapling":2,"minecraft:sand":1,"minecraft:sugar":2,"minecraft:bone":1,"minecraft:armor_stand":2,"minecraft:stone_axe":3,"minecraft:moss_carpet":1,"bountiful:bounty":1,"minecraft:sugar_cane":12,"alexsmobs:crocodile_egg":1,"cyclic:flower_absalon_tulip":1,"minecraft:rotten_flesh":12,"minecraft:glowstone_dust":4,"cyclic:flower_lime_carnation":3,"minecraft:carrot":1,"biomemakeover:raw_crab":1,"minecraft:poppy":1,"minecraft:oak_sapling":1,"fishofthieves:stormfish":1,"minecraft:wooden_pickaxe":2,"minecraft:arrow":30,"hunters_return:boomerang":1,"biomesoplenty:mahogany_sapling":2,"minecraft:stone_pickaxe":1,"farmersdelight:tomato":2},"minecraft:mined":{"biomemakeover:reed":1,"farmersdelight:wild_carrots":7,"minecraft:dark_oak_fence":2,"minecraft:grass_block":16,"biomemakeover:cattail":1,"minecraft:jungle_planks":2,"minecraft:jungle_log":13,"quark:jungle_chest":1,"farmersdelight:tomatoes":1,"minecraft:spruce_leaves":3,"quark:hollow_birch_log":1,"minecraft:large_fern":1,"biomesoplenty:toadstool":1,"biomesoplenty:orange_cosmos":1,"farmersdelight:rice":1,"minecraft:iron_ore":9,"minecraft:moss_carpet":1,"biomesoplenty:sea_oats":1,"minecraft:bookshelf":22,"minecraft:vine":1,"farmersdelight:rice_panicles":1,"minecraft:stone":34,"minecraft:oak_slab":1,"cyclic:flower_lime_carnation":3,"cyclic:flower_absalon_tulip":1,"minecraft:dandelion":1,"minecraft:crafting_table":3,"minecraft:torch":1,"minecraft:poppy":1,"farmersdelight:cabbages":1,"minecraft:tall_grass":4,"minecraft:cobblestone":6,"biomesoplenty:huge_clover_petal":44,"minecraft:sugar_cane":6,"minecraft:oak_planks":2,"biomesoplenty:mahogany_log":26,"minecraft:spruce_log":2,"minecraft:grass":16,"biomesoplenty:clover":14,"minecraft:coal_ore":25,"minecraft:oak_log":6,"minecraft:sand":1,"minecraft:dirt":10,"minecraft:cobweb":1,"minecraft:oak_leaves":10,"minecraft:fern":18},"minecraft:used":{"minecraft:stone_sword":153,"quark:jungle_chest":6,"minecraft:iron_sword":42,"minecraft:torch":40,"minecraft:dirt":34,"minecraft:jungle_planks":5,"minecraft:carrot":9,"fishofthieves:cooked_pondie":1,"minecraft:beef":1,"minecraft:furnace":1,"tombstone:gift":6,"farmersdelight:cooked_mutton_chops":2,"minecraft:cooked_beef":24,"minecraft:cooked_mutton":3,"minecraft:water_bucket":1,"minecraft:stone_pickaxe":19,"minecraft:oak_planks":1,"minecraft:wooden_pickaxe":10,"minecraft:crafting_table":6,"minecraft:crossbow":40,"minecraft:spruce_log":1,"minecraft:apple":6,"minecraft:bread":12,"minecraft:iron_pickaxe":54,"adorn:guide_book":1,"minecraft:stone_axe":93,"farmersdelight:cooked_bacon":3,"minecraft:wooden_sword":95,"minecraft:cobblestone":1,"alexsmobs:animal_dictionary":1}},"DataVersion":3465}