{"stats":{"minecraft:picked_up":{"minecraft:iron_chestplate":1,"minecraft:wheat":1,"quark:hollow_oak_log":1,"minecraft:enchanted_book":3,"minecraft:string":9,"minecraft:raw_copper":5,"biomesoplenty:stripped_mahogany_log":29,"minecraft:armor_stand":2,"minecraft:cobbled_deepslate":791,"minecraft:rose_bush":8,"minecraft:melon_slice":19,"quark:blossom_fence_gate":5,"biomemakeover:raw_crab":1,"minecraft:stick":123,"minecraft:torch":41,"quark:blossom_log":388,"tombstone:grave_dust":5,"minecraft:diorite":16,"quark:blossom_planks":11,"minecraft:rotten_flesh":26,"biomesoplenty:mahogany_sapling":38,"quark:blossom_chest":5,"supplementaries:ash":35,"biomesoplenty:orange_cosmos":2,"minecraft:cobblestone":370,"minecraft:birch_log":76,"minecraft:feather":2,"farmersdelight:rice":1,"minecraft:andesite":12,"minecraft:jungle_log":13,"minecraft:flint":3,"minecraft:tuff":3,"create:raw_zinc":25,"supplementaries:flax_seeds":6,"quark:blossom_fence":4,"minecraft:lapis_lazuli":187,"farmersdelight:tomato":2,"minecraft:dirt":333,"minecraft:bone":58,"minecraft:bow":3,"minecraft:wheat_seeds":24,"minecraft:raw_gold":14,"fishofthieves:earthworms":28,"minecraft:diamond_helmet":1,"minecraft:glowstone_dust":4,"biomesoplenty:mahogany_planks":24,"alexsmobs:crocodile_egg":2,"minecraft:jungle_planks":3,"minecraft:sand":1,"cyclic:flower_absalon_tulip":1,"minecraft:grass_block":2,"biomesoplenty:glowflower":1,"minecraft:bundle":2,"minecraft:sugar":2,"quark:blossom_planks_stairs":33,"minecraft:diamond":6,"waystones:waystone":1,"minecraft:crossbow":1,"minecraft:granite":11,"minecraft:emerald":11,"alexsmobs:maggot":2,"biomesoplenty:pink_daffodil":2,"minecraft:oak_sapling":193,"minecraft:andesite_slab":1,"minecraft:diamond_pickaxe":1,"minecraft:coarse_dirt":1,"minecraft:crafting_table":3,"minecraft:chicken":13,"minecraft:brown_mushroom":1,"minecraft:brick":4,"minecraft:moss_carpet":26,"minecraft:wooden_sword":1,"cyclic:flower_lime_carnation":3,"minecraft:beef":31,"minecraft:jungle_sapling":2,"minecraft:poppy":2,"minecraft:sugar_cane":16,"minecraft:birch_sapling":17,"minecraft:raw_iron":42,"artifacts:charm_of_sinking":1,"farmersdelight:minced_beef":6,"quark:jungle_chest":3,"farmersdelight:tomato_seeds":1,"minecraft:carrot":6,"minecraft:redstone":72,"alexsmobs:crocodile_scute":3,"minecraft:arrow":83,"biomesoplenty:blue_hydrangea":1,"minecraft:stone_shovel":2,"quark:orange_blossom_sapling":30,"biomesoplenty:mahogany_stairs":13,"quark:stripped_blossom_log":20,"minecraft:mutton":15,"minecraft:white_wool":4,"biomesoplenty:mahogany_trapdoor":8,"minecraft:leather":12,"minecraft:jungle_fence":1,"minecraft:red_mushroom":2,"minecraft:birch_planks":27,"minecraft:oak_log":269,"minecraft:gunpowder":2,"minecraft:cobblestone_wall":1,"minecraft:cobblestone_stairs":2,"tombstone:gift":1,"biomesoplenty:mahogany_slab":28,"minecraft:apple":29,"minecraft:stone_bricks":4,"minecraft:iron_ingot":12,"minecraft:cooked_chicken":19,"minecraft:glass_bottle":2,"minecraft:book":63,"minecraft:oak_slab":1,"minecraft:chiseled_stone_bricks":1,"minecraft:dandelion":2,"minecraft:gravel":29,"minecraft:spruce_log":2,"minecraft:spider_eye":1,"minecraft:leather_helmet":1,"biomesoplenty:mahogany_log":354,"minecraft:stone_axe":2,"quark:hollow_birch_log":1,"tombstone:magic_scroll":1,"minecraft:coal":138,"minecraft:ender_pearl":1},"minecraft:custom":{"minecraft:interact_with_crafting_table":58,"minecraft:open_barrel":31,"minecraft:leave_game":17,"minecraft:time_since_death":86151,"minecraft:sprint_one_cm":1186260,"minecraft:drop":122,"minecraft:talked_to_villager":11,"minecraft:play_time":481738,"minecraft:deaths":8,"minecraft:jump":7052,"minecraft:walk_on_water_one_cm":48136,"minecraft:interact_with_furnace":49,"minecraft:interact_with_cartography_table":1,"minecraft:waystone_activated":3,"minecraft:damage_dealt":20601,"minecraft:crouch_one_cm":101542,"tombstone:undead_killed":50,"minecraft:interact_with_smoker":6,"minecraft:mob_kills":107,"minecraft:interact_with_campfire":13,"minecraft:damage_dealt_resisted":78,"minecraft:climb_one_cm":7939,"minecraft:walk_one_cm":971557,"minecraft:damage_dealt_absorbed":10,"minecraft:sneak_time":32109,"minecraft:walk_under_water_one_cm":36433,"minecraft:total_world_time":481738,"tombstone:raider_killed":15,"minecraft:interact_with_stonecutter":1,"minecraft:time_since_rest":85815,"minecraft:damage_taken":9214,"minecraft:swim_one_cm":119390,"minecraft:fly_one_cm":1033626,"minecraft:open_chest":230,"minecraft:fall_one_cm":189341},"minecraft:dropped":{"minecraft:brown_mushroom":1,"biomesoplenty:pink_daffodil":1,"minecraft:glass_bottle":2,"minecraft:jungle_fence":1,"biomesoplenty:mahogany_planks":15,"minecraft:jungle_planks":4,"biomesoplenty:orange_cosmos":2,"minecraft:leather_helmet":1,"farmersdelight:rice":1,"minecraft:red_mushroom":1,"minecraft:cod":2,"minecraft:flint":1,"minecraft:dirt":87,"minecraft:mutton":10,"minecraft:jungle_sapling":2,"minecraft:wooden_sword":1,"minecraft:gold_nugget":3,"minecraft:sand":1,"minecraft:sugar":2,"biomesoplenty:mahogany_slab":1,"minecraft:bone":1,"minecraft:armor_stand":2,"biomesoplenty:stripped_mahogany_log":1,"minecraft:stone_axe":3,"bountiful:bounty":1,"minecraft:sugar_cane":12,"alexsmobs:crocodile_egg":1,"cyclic:flower_absalon_tulip":1,"biomesoplenty:mahogany_stairs":8,"minecraft:rotten_flesh":22,"minecraft:glowstone_dust":4,"cyclic:flower_lime_carnation":3,"minecraft:carrot":1,"quark:blossom_chest":1,"minecraft:poppy":2,"supplementaries:flax_seeds":5,"quark:hollow_oak_log":1,"fishofthieves:stormfish":1,"minecraft:arrow":32,"biomesoplenty:mahogany_sapling":2,"farmersdelight:tomato_seeds":1,"biomesoplenty:mahogany_log":49,"minecraft:iron_ingot":9,"minecraft:oak_slab":1,"minecraft:wheat_seeds":11,"quark:hollow_birch_log":1,"minecraft:feather":2,"minecraft:prismarine_crystals":1,"minecraft:cobblestone":104,"blue_skies:ventium_ingot":1,"minecraft:stick":5,"minecraft:rose_bush":8,"tombstone:grave_dust":1,"minecraft:dandelion":2,"minecraft:moss_carpet":1,"minecraft:coarse_dirt":1,"farmersdelight:cabbage_seeds":4,"biomemakeover:raw_crab":1,"fishofthieves:earthworms":1,"minecraft:diamond_pickaxe":1,"minecraft:oak_sapling":130,"biomesoplenty:blue_hydrangea":1,"minecraft:stone_bricks":1,"hunters_return:boomerang":1,"minecraft:stone_pickaxe":1,"minecraft:wooden_pickaxe":2,"farmersdelight:tomato":2,"minecraft:brick":4},"minecraft:broken":{"minecraft:wooden_sword":1,"minecraft:stone_shovel":1,"minecraft:stone_sword":1,"minecraft:iron_axe":5,"minecraft:iron_pickaxe":1},"minecraft:crafted":{"minecraft:oak_planks":340,"minecraft:cobblestone_stairs":4,"biomesoplenty:mahogany_slab":30,"minecraft:cooked_mutton":6,"minecraft:oak_slab":126,"quark:blossom_planks":360,"minecraft:cooked_porkchop":9,"minecraft:crafting_table":4,"minecraft:spruce_planks":4,"minecraft:wooden_pickaxe":2,"fishofthieves:cooked_pondie":1,"minecraft:birch_planks":60,"minecraft:campfire":8,"farmersdelight:beef_patty":6,"minecraft:diamond_pickaxe":2,"minecraft:stick":292,"minecraft:iron_ingot":27,"minecraft:iron_pickaxe":2,"minecraft:stone_sword":1,"farmersdelight:cooked_bacon":3,"biomesoplenty:mahogany_trapdoor":14,"quark:blossom_planks_stairs":80,"biomesoplenty:mahogany_planks":120,"quark:jungle_chest":5,"minecraft:furnace":1,"minecraft:bone_meal":57,"quark:blossom_chest":3,"quark:blossom_fence":54,"minecraft:iron_axe":7,"minecraft:stone_pickaxe":2,"minecraft:cobblestone_wall":6,"biomesoplenty:mahogany_stairs":8,"minecraft:cooked_beef":34,"quark:blossom_fence_gate":34,"farmersdelight:cooked_mutton_chops":2,"minecraft:iron_sword":2,"minecraft:stone_axe":1,"minecraft:jungle_planks":52,"minecraft:air":0,"minecraft:iron_shovel":1,"minecraft:torch":156},"minecraft:killed":{"minecraft:cave_spider":3,"minecraft:witch":3,"minecraft:spider":5,"alexsmobs:murmur":1,"minecraft:skeleton":19,"minecraft:chicken":1,"artifacts:mimic":1,"farlanders:rebel":4,"hunters_return:hunter":8,"minecraft:iron_golem":1,"minecraft:creeper":3,"minecraft:sheep":4,"minecraft:pillager":2,"minecraft:zombie":28,"alexsmobs:fly":1,"minecraft:cow":9,"minecraft:vindicator":1,"minecraft:phantom":1,"minecraft:horse":1,"minecraft:drowned":1,"farlanders:classic_enderman":2,"farlanders:looter":1,"alexsmobs:crocodile":1,"biomemakeover:helmit_crab":2},"minecraft:mined":{"create:deepslate_zinc_ore":25,"minecraft:farmland":1,"biomemakeover:wild_mushrooms":1,"quark:orange_blossom_leaves":33,"biomemakeover:reed":1,"minecraft:cobblestone_stairs":2,"minecraft:granite":11,"minecraft:grass_block":168,"biomesoplenty:stripped_mahogany_log":28,"minecraft:jungle_log":13,"quark:stripped_blossom_log":21,"minecraft:chiseled_stone_bricks":1,"quark:hollow_birch_log":1,"quark:blossom_chest":5,"diagonalfences:quark/blossom_fence":2,"biomesoplenty:orange_cosmos":2,"minecraft:cobbled_deepslate":1,"farmersdelight:rice":1,"minecraft:iron_ore":26,"minecraft:fire":1,"quark:blossom_planks":12,"quark:blossom_fence_gate":5,"minecraft:moss_carpet":28,"minecraft:deepslate_lapis_ore":7,"biomesoplenty:hanging_cobweb":2,"biomesoplenty:glowflower":1,"biomesoplenty:webbing":5,"farmersdelight:rice_panicles":1,"minecraft:deepslate_redstone_ore":15,"cyclic:flower_lime_carnation":3,"biomesoplenty:hanging_cobweb_strand":1,"minecraft:torch":11,"minecraft:poppy":2,"minecraft:melon":3,"quark:blossom_log":410,"supplementaries:wild_flax":2,"farmersdelight:cabbages":1,"minecraft:cobblestone":21,"minecraft:oak_planks":2,"minecraft:sugar_cane":10,"biomesoplenty:mahogany_slab":17,"minecraft:wall_torch":19,"minecraft:birch_log":78,"minecraft:grass":74,"biomesoplenty:clover":14,"minecraft:oak_log":379,"minecraft:sand":1,"minecraft:dirt":52,"quark:hollow_oak_log":1,"minecraft:oak_leaves":27,"minecraft:deepslate":790,"minecraft:tuff":3,"minecraft:deepslate_diamond_ore":6,"farmersdelight:wild_carrots":7,"minecraft:dark_oak_fence":2,"biomesoplenty:bush":4,"minecraft:jungle_planks":4,"minecraft:decorated_pot":1,"biomemakeover:cattail":1,"quark:jungle_chest":3,"farmersdelight:tomatoes":1,"minecraft:spruce_leaves":3,"biomesoplenty:mahogany_sapling":2,"minecraft:large_fern":2,"biomesoplenty:toadstool":1,"minecraft:andesite":12,"biomesoplenty:sea_oats":1,"minecraft:bookshelf":22,"minecraft:deepslate_iron_ore":16,"biomesoplenty:high_grass":1,"minecraft:vine":2,"biomesoplenty:spider_egg":1,"minecraft:stone":350,"minecraft:oak_slab":1,"cyclic:flower_absalon_tulip":1,"minecraft:dandelion":3,"minecraft:crafting_table":3,"minecraft:emerald_ore":1,"biomesoplenty:mahogany_planks":12,"minecraft:rose_bush":4,"minecraft:andesite_slab":1,"biomesoplenty:high_grass_plant":5,"minecraft:tall_grass":8,"minecraft:copper_ore":2,"minecraft:deepslate_gold_ore":14,"minecraft:lapis_ore":21,"biomesoplenty:huge_clover_petal":44,"minecraft:sculk":2,"minecraft:diorite":16,"biomesoplenty:mahogany_trapdoor":8,"supplementaries:urn":17,"minecraft:birch_planks":27,"quark:blossom_planks_stairs":33,"minecraft:coarse_dirt":1,"minecraft:cobblestone_wall":1,"biomesoplenty:blue_hydrangea":1,"biomesoplenty:mahogany_log":348,"biomesoplenty:pink_daffodil":2,"minecraft:spruce_log":2,"minecraft:birch_leaves":4,"minecraft:jungle_fence":1,"minecraft:coal_ore":138,"biomesoplenty:mahogany_stairs":5,"minecraft:gravel":15,"minecraft:cobweb":5,"minecraft:stone_bricks":5,"minecraft:fern":43},"minecraft:used":{"minecraft:moss_carpet":1,"biomesoplenty:mahogany_slab":43,"minecraft:iron_sword":219,"minecraft:jungle_planks":5,"minecraft:carrot":9,"minecraft:stone_bricks":3,"fishofthieves:cooked_pondie":1,"biomesoplenty:mahogany_sapling":10,"quark:blossom_chest":7,"minecraft:furnace":1,"minecraft:stone_pickaxe":19,"minecraft:oak_planks":11,"biomesoplenty:mahogany_trapdoor":21,"minecraft:wooden_pickaxe":10,"minecraft:crossbow":40,"quark:blossom_fence_gate":14,"minecraft:bread":12,"minecraft:melon_slice":19,"adorn:guide_book":1,"quark:blossom_fence":20,"minecraft:wooden_sword":95,"minecraft:bone_meal":55,"biomesoplenty:mahogany_planks":15,"minecraft:stone_sword":153,"minecraft:stone_shovel":197,"quark:jungle_chest":7,"minecraft:cooked_chicken":19,"minecraft:torch":193,"minecraft:dirt":106,"minecraft:cobblestone_wall":3,"farmersdelight:beef_patty":6,"biomesoplenty:mahogany_stairs":8,"minecraft:iron_axe":1534,"minecraft:beef":1,"quark:blossom_planks":12,"tombstone:gift":8,"farmersdelight:cooked_mutton_chops":2,"minecraft:cooked_beef":25,"minecraft:cobbled_deepslate":4,"quark:orange_blossom_sapling":6,"quark:blossom_log":37,"minecraft:cooked_mutton":3,"minecraft:water_bucket":4,"minecraft:cobblestone_stairs":4,"minecraft:birch_planks":27,"minecraft:andesite_slab":1,"biomesoplenty:mahogany_log":167,"minecraft:crafting_table":7,"minecraft:red_mushroom":1,"minecraft:campfire":2,"minecraft:spruce_log":1,"minecraft:oak_log":28,"minecraft:diamond_pickaxe":1091,"minecraft:apple":64,"biomesoplenty:pink_daffodil":1,"minecraft:iron_pickaxe":405,"alexsmobs:crocodile_egg":1,"quark:blossom_planks_stairs":78,"minecraft:stone_axe":93,"farmersdelight:cooked_bacon":3,"minecraft:cobblestone":32,"travelersbackpack:standard":2,"minecraft:cooked_porkchop":7,"minecraft:bucket":4,"alexsmobs:animal_dictionary":1}},"DataVersion":3465}