{"stats":{"minecraft:crafted":{"minecraft:cooked_beef":16,"minecraft:oak_planks":16,"farmersdelight:cooked_mutton_chops":2,"minecraft:crafting_table":2,"minecraft:spruce_planks":4,"minecraft:wooden_pickaxe":2,"fishofthieves:cooked_pondie":1,"minecraft:stone_axe":1,"minecraft:cooked_mutton":6,"minecraft:air":0,"minecraft:jungle_planks":8,"minecraft:stick":20,"minecraft:stone_pickaxe":2,"minecraft:stone_sword":1,"farmersdelight:cooked_bacon":3},"minecraft:custom":{"minecraft:interact_with_furnace":14,"minecraft:mob_kills":31,"tombstone:raider_killed":10,"minecraft:interact_with_crafting_table":11,"minecraft:open_barrel":14,"minecraft:leave_game":9,"minecraft:time_since_death":26772,"minecraft:climb_one_cm":2446,"minecraft:time_since_rest":26616,"minecraft:waystone_activated":1,"minecraft:sprint_one_cm":328513,"minecraft:damage_taken":1570,"minecraft:walk_one_cm":227930,"minecraft:drop":32,"minecraft:damage_dealt":4793,"minecraft:swim_one_cm":4917,"minecraft:talked_to_villager":10,"minecraft:fly_one_cm":289057,"minecraft:open_chest":31,"minecraft:crouch_one_cm":3318,"minecraft:play_time":115131,"tombstone:undead_killed":2,"minecraft:deaths":1,"minecraft:sneak_time":1292,"minecraft:walk_under_water_one_cm":1372,"minecraft:jump":1604,"minecraft:walk_on_water_one_cm":5646,"minecraft:total_world_time":115131,"minecraft:interact_with_smoker":6,"minecraft:fall_one_cm":43606},"minecraft:broken":{"minecraft:wooden_sword":1},"minecraft:killed":{"minecraft:witch":2,"farlanders:looter":1,"hunters_return:hunter":8,"minecraft:spider":2,"minecraft:sheep":4,"minecraft:horse":1,"minecraft:skeleton":1,"alexsmobs:crocodile":1,"minecraft:zombie":1,"alexsmobs:fly":1,"farlanders:classic_enderman":1,"minecraft:cow":8},"minecraft:picked_up":{"minecraft:wheat":1,"minecraft:iron_chestplate":1,"minecraft:crafting_table":3,"minecraft:chicken":13,"minecraft:jungle_log":2,"minecraft:leather":10,"minecraft:enchanted_book":2,"minecraft:oak_log":6,"minecraft:string":3,"minecraft:dirt":14,"minecraft:moss_carpet":1,"minecraft:armor_stand":2,"cyclic:flower_lime_carnation":3,"minecraft:apple":13,"minecraft:wheat_seeds":3,"minecraft:beef":23,"minecraft:cooked_chicken":6,"fishofthieves:earthworms":1,"minecraft:glowstone_dust":4,"minecraft:sugar_cane":12,"minecraft:book":63,"minecraft:oak_slab":1,"alexsmobs:crocodile_egg":1,"minecraft:sand":1,"cyclic:flower_absalon_tulip":1,"minecraft:carrot":3,"tombstone:grave_dust":1,"minecraft:spruce_log":1,"minecraft:grass_block":1,"alexsmobs:crocodile_scute":2,"minecraft:arrow":60,"minecraft:rotten_flesh":4,"minecraft:crossbow":1,"quark:hollow_birch_log":1,"minecraft:emerald":4,"alexsmobs:maggot":2,"minecraft:oak_sapling":1,"minecraft:mutton":10,"minecraft:coal":2,"minecraft:white_wool":4,"minecraft:cobblestone":16,"minecraft:ender_pearl":1},"minecraft:dropped":{"minecraft:moss_carpet":1,"minecraft:oak_slab":1,"bountiful:bounty":1,"minecraft:sugar_cane":12,"minecraft:wheat_seeds":3,"quark:hollow_birch_log":1,"cyclic:flower_absalon_tulip":1,"minecraft:cobblestone":2,"minecraft:rotten_flesh":4,"minecraft:glowstone_dust":2,"cyclic:flower_lime_carnation":3,"blue_skies:ventium_ingot":1,"minecraft:cod":2,"minecraft:flint":1,"minecraft:dirt":4,"minecraft:oak_sapling":1,"minecraft:arrow":30,"minecraft:sand":1,"hunters_return:boomerang":1,"minecraft:wooden_pickaxe":2,"minecraft:armor_stand":2},"minecraft:mined":{"minecraft:oak_slab":1,"cyclic:flower_lime_carnation":3,"cyclic:flower_absalon_tulip":1,"biomemakeover:reed":1,"farmersdelight:wild_carrots":3,"minecraft:crafting_table":3,"minecraft:torch":1,"minecraft:grass_block":7,"biomemakeover:cattail":1,"minecraft:jungle_log":2,"minecraft:tall_grass":3,"minecraft:cobblestone":5,"minecraft:spruce_leaves":3,"biomesoplenty:huge_clover_petal":44,"minecraft:sugar_cane":6,"quark:hollow_birch_log":1,"minecraft:spruce_log":1,"minecraft:moss_carpet":1,"minecraft:bookshelf":22,"minecraft:grass":6,"biomesoplenty:clover":14,"minecraft:oak_log":6,"minecraft:coal_ore":2,"minecraft:sand":1,"minecraft:dirt":8,"minecraft:cobweb":1,"minecraft:stone":12,"minecraft:oak_leaves":1},"minecraft:used":{"minecraft:cooked_mutton":3,"minecraft:water_bucket":1,"minecraft:stone_sword":53,"minecraft:stone_pickaxe":17,"minecraft:oak_planks":1,"minecraft:wooden_pickaxe":10,"minecraft:dirt":10,"minecraft:crafting_table":5,"minecraft:carrot":4,"minecraft:crossbow":14,"minecraft:bread":12,"adorn:guide_book":1,"fishofthieves:cooked_pondie":1,"minecraft:stone_axe":28,"minecraft:wooden_sword":95,"minecraft:beef":1,"tombstone:gift":4,"farmersdelight:cooked_mutton_chops":2,"alexsmobs:animal_dictionary":1,"minecraft:cooked_beef":7}},"DataVersion":3465}