{"stats":{"minecraft:crafted":{"minecraft:oak_planks":16,"biomesoplenty:mahogany_planks":76,"quark:jungle_chest":5,"minecraft:cooked_mutton":6,"minecraft:stone_pickaxe":2,"minecraft:cooked_beef":16,"farmersdelight:cooked_mutton_chops":2,"minecraft:crafting_table":3,"minecraft:spruce_planks":4,"minecraft:wooden_pickaxe":2,"minecraft:iron_sword":1,"fishofthieves:cooked_pondie":1,"minecraft:stone_axe":1,"minecraft:air":0,"minecraft:jungle_planks":52,"minecraft:stick":20,"minecraft:iron_pickaxe":1,"minecraft:stone_sword":1,"farmersdelight:cooked_bacon":3,"minecraft:torch":24},"minecraft:custom":{"minecraft:mob_kills":64,"minecraft:interact_with_crafting_table":18,"minecraft:open_barrel":14,"minecraft:interact_with_campfire":13,"minecraft:leave_game":10,"minecraft:time_since_death":55952,"minecraft:climb_one_cm":2478,"minecraft:sprint_one_cm":601437,"minecraft:walk_one_cm":376169,"minecraft:drop":59,"minecraft:talked_to_villager":10,"minecraft:play_time":178160,"minecraft:deaths":2,"minecraft:sneak_time":2164,"minecraft:walk_under_water_one_cm":6538,"minecraft:jump":3474,"minecraft:walk_on_water_one_cm":19655,"minecraft:total_world_time":178160,"minecraft:interact_with_furnace":14,"tombstone:raider_killed":12,"minecraft:interact_with_cartography_table":1,"minecraft:interact_with_stonecutter":1,"minecraft:time_since_rest":53553,"minecraft:waystone_activated":2,"minecraft:damage_taken":3093,"minecraft:damage_dealt":10917,"minecraft:swim_one_cm":40721,"minecraft:fly_one_cm":606090,"minecraft:open_chest":51,"minecraft:crouch_one_cm":5699,"tombstone:undead_killed":22,"minecraft:interact_with_smoker":6,"minecraft:fall_one_cm":88357},"minecraft:broken":{"minecraft:stone_sword":1,"minecraft:wooden_sword":1},"minecraft:killed":{"minecraft:witch":3,"minecraft:spider":3,"minecraft:horse":1,"minecraft:skeleton":10,"minecraft:chicken":1,"farlanders:classic_enderman":1,"farlanders:looter":1,"farlanders:rebel":3,"hunters_return:hunter":8,"minecraft:iron_golem":1,"minecraft:creeper":1,"minecraft:sheep":4,"minecraft:pillager":1,"minecraft:zombie":12,"alexsmobs:crocodile":1,"alexsmobs:fly":1,"minecraft:cow":9,"biomemakeover:helmit_crab":2},"minecraft:picked_up":{"minecraft:crafting_table":3,"minecraft:iron_chestplate":1,"minecraft:wheat":1,"minecraft:chicken":13,"minecraft:enchanted_book":2,"minecraft:string":3,"minecraft:moss_carpet":1,"minecraft:armor_stand":2,"cyclic:flower_lime_carnation":3,"minecraft:beef":31,"minecraft:jungle_sapling":2,"minecraft:sugar_cane":12,"minecraft:raw_iron":9,"biomemakeover:raw_crab":1,"minecraft:stick":9,"farmersdelight:minced_beef":6,"quark:jungle_chest":1,"farmersdelight:tomato_seeds":1,"tombstone:grave_dust":2,"minecraft:carrot":6,"alexsmobs:crocodile_scute":2,"minecraft:arrow":71,"minecraft:rotten_flesh":10,"biomesoplenty:mahogany_sapling":2,"minecraft:mutton":15,"biomesoplenty:orange_cosmos":1,"minecraft:white_wool":4,"minecraft:cobblestone":21,"minecraft:feather":2,"farmersdelight:rice":1,"minecraft:jungle_log":13,"minecraft:leather":12,"minecraft:oak_log":6,"farmersdelight:tomato":2,"minecraft:dirt":20,"minecraft:bone":12,"minecraft:apple":13,"minecraft:bow":1,"minecraft:wheat_seeds":3,"minecraft:iron_ingot":12,"minecraft:cooked_chicken":19,"fishofthieves:earthworms":1,"minecraft:glass_bottle":2,"minecraft:glowstone_dust":4,"biomesoplenty:mahogany_planks":12,"minecraft:book":63,"minecraft:oak_slab":1,"alexsmobs:crocodile_egg":2,"minecraft:jungle_planks":1,"minecraft:sand":1,"cyclic:flower_absalon_tulip":1,"minecraft:spruce_log":2,"minecraft:grass_block":1,"minecraft:leather_helmet":1,"minecraft:bundle":1,"biomesoplenty:mahogany_log":19,"minecraft:sugar":2,"minecraft:stone_axe":1,"minecraft:crossbow":1,"quark:hollow_birch_log":1,"minecraft:emerald":4,"alexsmobs:maggot":2,"minecraft:oak_sapling":1,"minecraft:coal":25,"minecraft:ender_pearl":1},"minecraft:dropped":{"farmersdelight:tomato_seeds":1,"minecraft:iron_ingot":7,"minecraft:oak_slab":1,"minecraft:wheat_seeds":3,"quark:hollow_birch_log":1,"minecraft:glass_bottle":2,"minecraft:feather":2,"minecraft:cobblestone":2,"biomesoplenty:mahogany_planks":12,"minecraft:jungle_planks":4,"blue_skies:ventium_ingot":1,"biomesoplenty:orange_cosmos":1,"minecraft:leather_helmet":1,"farmersdelight:rice":1,"minecraft:cod":2,"minecraft:flint":1,"minecraft:dirt":4,"minecraft:mutton":10,"minecraft:jungle_sapling":2,"minecraft:sand":1,"minecraft:sugar":2,"minecraft:bone":1,"minecraft:armor_stand":2,"minecraft:moss_carpet":1,"minecraft:stone_axe":1,"bountiful:bounty":1,"minecraft:sugar_cane":12,"alexsmobs:crocodile_egg":1,"cyclic:flower_absalon_tulip":1,"minecraft:rotten_flesh":7,"minecraft:glowstone_dust":4,"cyclic:flower_lime_carnation":3,"minecraft:carrot":1,"biomemakeover:raw_crab":1,"minecraft:oak_sapling":1,"fishofthieves:stormfish":1,"minecraft:stone_pickaxe":1,"hunters_return:boomerang":1,"minecraft:arrow":30,"biomesoplenty:mahogany_sapling":2,"minecraft:wooden_pickaxe":2,"farmersdelight:tomato":2},"minecraft:mined":{"biomemakeover:reed":1,"farmersdelight:wild_carrots":7,"minecraft:dark_oak_fence":2,"minecraft:grass_block":15,"minecraft:jungle_planks":2,"biomemakeover:cattail":1,"minecraft:jungle_log":13,"quark:jungle_chest":1,"farmersdelight:tomatoes":1,"minecraft:spruce_leaves":3,"minecraft:large_fern":1,"quark:hollow_birch_log":1,"biomesoplenty:toadstool":1,"biomesoplenty:orange_cosmos":1,"farmersdelight:rice":1,"minecraft:iron_ore":9,"minecraft:moss_carpet":1,"biomesoplenty:sea_oats":1,"minecraft:bookshelf":22,"minecraft:vine":1,"farmersdelight:rice_panicles":1,"minecraft:stone":17,"minecraft:oak_slab":1,"cyclic:flower_lime_carnation":3,"cyclic:flower_absalon_tulip":1,"minecraft:dandelion":1,"minecraft:crafting_table":3,"minecraft:torch":1,"farmersdelight:cabbages":1,"minecraft:tall_grass":4,"minecraft:cobblestone":5,"biomesoplenty:huge_clover_petal":44,"minecraft:oak_planks":2,"minecraft:sugar_cane":6,"biomesoplenty:mahogany_log":26,"minecraft:spruce_log":2,"minecraft:grass":15,"biomesoplenty:clover":14,"minecraft:coal_ore":25,"minecraft:oak_log":6,"minecraft:dirt":10,"minecraft:sand":1,"minecraft:cobweb":1,"minecraft:oak_leaves":10,"minecraft:fern":16},"minecraft:used":{"minecraft:stone_sword":153,"quark:jungle_chest":6,"minecraft:iron_sword":12,"minecraft:torch":21,"minecraft:dirt":16,"minecraft:jungle_planks":5,"minecraft:carrot":9,"fishofthieves:cooked_pondie":1,"minecraft:beef":1,"tombstone:gift":6,"farmersdelight:cooked_mutton_chops":2,"minecraft:cooked_beef":22,"minecraft:cooked_mutton":3,"minecraft:water_bucket":1,"minecraft:stone_pickaxe":19,"minecraft:oak_planks":1,"minecraft:wooden_pickaxe":10,"minecraft:crafting_table":6,"minecraft:crossbow":37,"minecraft:spruce_log":1,"minecraft:apple":6,"minecraft:bread":12,"minecraft:iron_pickaxe":36,"adorn:guide_book":1,"minecraft:stone_axe":93,"minecraft:wooden_sword":95,"minecraft:cobblestone":1,"alexsmobs:animal_dictionary":1}},"DataVersion":3465}