{"stats":{"minecraft:crafted":{"minecraft:oak_planks":16,"minecraft:cooked_mutton":6,"minecraft:stone_pickaxe":2,"minecraft:cooked_beef":16,"farmersdelight:cooked_mutton_chops":2,"minecraft:crafting_table":2,"minecraft:spruce_planks":4,"minecraft:wooden_pickaxe":2,"fishofthieves:cooked_pondie":1,"minecraft:stone_axe":1,"minecraft:air":0,"minecraft:jungle_planks":8,"minecraft:stick":20,"minecraft:stone_sword":1,"farmersdelight:cooked_bacon":3},"minecraft:custom":{"minecraft:mob_kills":56,"minecraft:interact_with_crafting_table":13,"minecraft:open_barrel":14,"minecraft:interact_with_campfire":13,"minecraft:leave_game":10,"minecraft:time_since_death":43952,"minecraft:climb_one_cm":2446,"minecraft:sprint_one_cm":558737,"minecraft:walk_one_cm":343183,"minecraft:drop":53,"minecraft:talked_to_villager":10,"minecraft:play_time":166160,"minecraft:deaths":2,"minecraft:sneak_time":1564,"minecraft:walk_under_water_one_cm":6450,"minecraft:jump":3177,"minecraft:walk_on_water_one_cm":19512,"minecraft:total_world_time":166160,"minecraft:interact_with_furnace":14,"tombstone:raider_killed":12,"minecraft:interact_with_cartography_table":1,"minecraft:interact_with_stonecutter":1,"minecraft:time_since_rest":41553,"minecraft:waystone_activated":2,"minecraft:damage_taken":2962,"minecraft:damage_dealt":9871,"minecraft:swim_one_cm":38129,"minecraft:fly_one_cm":585214,"minecraft:open_chest":45,"minecraft:crouch_one_cm":4027,"tombstone:undead_killed":17,"minecraft:interact_with_smoker":6,"minecraft:fall_one_cm":86499},"minecraft:broken":{"minecraft:stone_sword":1,"minecraft:wooden_sword":1},"minecraft:killed":{"minecraft:witch":3,"minecraft:spider":3,"minecraft:horse":1,"minecraft:skeleton":7,"minecraft:chicken":1,"farlanders:classic_enderman":1,"farlanders:looter":1,"farlanders:rebel":1,"hunters_return:hunter":8,"minecraft:iron_golem":1,"minecraft:creeper":1,"minecraft:sheep":4,"minecraft:pillager":1,"minecraft:zombie":10,"alexsmobs:crocodile":1,"alexsmobs:fly":1,"minecraft:cow":9,"biomemakeover:helmit_crab":2},"minecraft:picked_up":{"minecraft:crafting_table":3,"minecraft:iron_chestplate":1,"minecraft:wheat":1,"minecraft:chicken":13,"minecraft:enchanted_book":2,"minecraft:string":3,"minecraft:moss_carpet":1,"minecraft:armor_stand":2,"cyclic:flower_lime_carnation":3,"minecraft:beef":31,"minecraft:sugar_cane":12,"biomemakeover:raw_crab":1,"minecraft:stick":2,"farmersdelight:minced_beef":6,"farmersdelight:tomato_seeds":1,"tombstone:grave_dust":2,"minecraft:carrot":6,"alexsmobs:crocodile_scute":2,"minecraft:arrow":68,"minecraft:rotten_flesh":7,"minecraft:mutton":15,"biomesoplenty:orange_cosmos":1,"minecraft:white_wool":4,"minecraft:cobblestone":16,"minecraft:feather":2,"farmersdelight:rice":1,"minecraft:jungle_log":2,"minecraft:leather":12,"minecraft:oak_log":6,"farmersdelight:tomato":2,"minecraft:dirt":20,"minecraft:bone":5,"minecraft:apple":13,"minecraft:wheat_seeds":3,"minecraft:iron_ingot":5,"minecraft:cooked_chicken":19,"fishofthieves:earthworms":1,"minecraft:glass_bottle":2,"minecraft:glowstone_dust":4,"minecraft:book":63,"minecraft:oak_slab":1,"alexsmobs:crocodile_egg":2,"minecraft:jungle_planks":1,"minecraft:sand":1,"cyclic:flower_absalon_tulip":1,"minecraft:spruce_log":2,"minecraft:grass_block":1,"minecraft:leather_helmet":1,"minecraft:sugar":2,"minecraft:stone_axe":1,"minecraft:crossbow":1,"quark:hollow_birch_log":1,"minecraft:emerald":4,"alexsmobs:maggot":2,"minecraft:oak_sapling":1,"minecraft:coal":3,"minecraft:ender_pearl":1},"minecraft:dropped":{"farmersdelight:tomato_seeds":1,"minecraft:oak_slab":1,"minecraft:wheat_seeds":3,"quark:hollow_birch_log":1,"minecraft:glass_bottle":2,"minecraft:feather":2,"minecraft:cobblestone":2,"minecraft:jungle_planks":4,"blue_skies:ventium_ingot":1,"biomesoplenty:orange_cosmos":1,"minecraft:leather_helmet":1,"farmersdelight:rice":1,"minecraft:cod":2,"minecraft:flint":1,"minecraft:dirt":4,"minecraft:mutton":10,"minecraft:sand":1,"minecraft:sugar":2,"minecraft:bone":1,"minecraft:armor_stand":2,"minecraft:moss_carpet":1,"minecraft:stone_axe":1,"bountiful:bounty":1,"minecraft:sugar_cane":12,"alexsmobs:crocodile_egg":1,"cyclic:flower_absalon_tulip":1,"minecraft:rotten_flesh":7,"minecraft:glowstone_dust":4,"cyclic:flower_lime_carnation":3,"minecraft:carrot":1,"biomemakeover:raw_crab":1,"minecraft:oak_sapling":1,"fishofthieves:stormfish":1,"hunters_return:boomerang":1,"minecraft:arrow":30,"minecraft:wooden_pickaxe":2,"farmersdelight:tomato":2},"minecraft:mined":{"biomemakeover:reed":1,"farmersdelight:wild_carrots":7,"minecraft:dark_oak_fence":2,"minecraft:grass_block":15,"minecraft:jungle_planks":2,"biomemakeover:cattail":1,"minecraft:jungle_log":2,"farmersdelight:tomatoes":1,"minecraft:spruce_leaves":3,"quark:hollow_birch_log":1,"biomesoplenty:toadstool":1,"biomesoplenty:orange_cosmos":1,"farmersdelight:rice":1,"minecraft:moss_carpet":1,"biomesoplenty:sea_oats":1,"minecraft:bookshelf":22,"farmersdelight:rice_panicles":1,"minecraft:stone":12,"minecraft:oak_slab":1,"cyclic:flower_lime_carnation":3,"cyclic:flower_absalon_tulip":1,"minecraft:dandelion":1,"minecraft:crafting_table":3,"minecraft:torch":1,"farmersdelight:cabbages":1,"minecraft:tall_grass":4,"minecraft:cobblestone":5,"biomesoplenty:huge_clover_petal":44,"minecraft:oak_planks":2,"minecraft:sugar_cane":6,"minecraft:spruce_log":2,"minecraft:grass":15,"biomesoplenty:clover":14,"minecraft:coal_ore":3,"minecraft:oak_log":6,"minecraft:dirt":10,"minecraft:sand":1,"minecraft:cobweb":1,"minecraft:oak_leaves":10,"minecraft:fern":12},"minecraft:used":{"minecraft:stone_sword":153,"minecraft:dirt":16,"minecraft:jungle_planks":5,"minecraft:carrot":9,"fishofthieves:cooked_pondie":1,"minecraft:beef":1,"tombstone:gift":4,"farmersdelight:cooked_mutton_chops":2,"minecraft:cooked_beef":21,"minecraft:cooked_mutton":3,"minecraft:water_bucket":1,"minecraft:stone_pickaxe":19,"minecraft:oak_planks":1,"minecraft:wooden_pickaxe":10,"minecraft:crafting_table":5,"minecraft:crossbow":27,"minecraft:spruce_log":1,"minecraft:apple":3,"minecraft:bread":12,"adorn:guide_book":1,"minecraft:stone_axe":47,"minecraft:wooden_sword":95,"alexsmobs:animal_dictionary":1}},"DataVersion":3465}