{"stats":{"minecraft:picked_up":{"minecraft:iron_chestplate":1,"minecraft:wheat":1,"quark:hollow_oak_log":1,"minecraft:enchanted_book":3,"minecraft:string":11,"minecraft:raw_copper":13,"biomesoplenty:stripped_mahogany_log":43,"minecraft:armor_stand":2,"minecraft:cobbled_deepslate":791,"minecraft:spruce_planks":2,"minecraft:rose_bush":8,"minecraft:melon_slice":19,"minecraft:furnace":1,"alexsmobs:leafcutter_ant_chamber":1,"quark:blossom_fence_gate":5,"biomemakeover:raw_crab":1,"minecraft:stick":138,"minecraft:torch":160,"minecraft:acacia_log":2,"minecraft:porkchop":14,"quark:blossom_log":388,"tombstone:grave_dust":10,"minecraft:diorite":16,"quark:blossom_planks":15,"minecraft:rotten_flesh":43,"biomesoplenty:mahogany_sapling":66,"create:veridium":1,"quark:blossom_chest":5,"supplementaries:ash":35,"minecraft:obsidian":4,"biomesoplenty:orange_cosmos":2,"minecraft:cobblestone":453,"minecraft:birch_log":76,"minecraft:feather":2,"farmersdelight:rice":1,"minecraft:andesite":12,"minecraft:jungle_log":13,"minecraft:flint":3,"minecraft:tuff":3,"create:raw_zinc":25,"supplementaries:flax_seeds":6,"quark:blossom_fence":7,"minecraft:lapis_lazuli":187,"farmersdelight:tomato":2,"minecraft:dirt":342,"minecraft:lantern":2,"minecraft:bone":63,"minecraft:acacia_planks":2,"minecraft:bow":3,"minecraft:wheat_seeds":31,"minecraft:raw_gold":28,"fishofthieves:earthworms":29,"minecraft:diamond_helmet":1,"minecraft:glowstone_dust":4,"biomesoplenty:mahogany_planks":66,"minecraft:cooked_porkchop":3,"alexscaves:uranium":44,"alexsmobs:crocodile_egg":2,"minecraft:jungle_planks":3,"minecraft:sand":1,"cyclic:flower_absalon_tulip":1,"minecraft:grass_block":2,"biomesoplenty:glowflower":1,"minecraft:bundle":2,"minecraft:sugar":2,"quark:blossom_planks_stairs":64,"minecraft:diamond":6,"waystones:waystone":3,"minecraft:crossbow":1,"minecraft:granite":11,"minecraft:bread":93,"minecraft:emerald":12,"alexsmobs:maggot":3,"biomesoplenty:pink_daffodil":2,"minecraft:oak_sapling":193,"minecraft:netherrack":1,"minecraft:andesite_slab":1,"minecraft:diamond_pickaxe":2,"minecraft:coarse_dirt":3,"minecraft:crafting_table":8,"minecraft:chicken":13,"minecraft:brown_mushroom":1,"minecraft:brick":4,"minecraft:iron_axe":1,"minecraft:moss_carpet":26,"minecraft:wooden_sword":1,"cyclic:flower_lime_carnation":3,"minecraft:beef":31,"minecraft:jungle_sapling":2,"minecraft:poppy":2,"minecraft:sugar_cane":17,"minecraft:birch_sapling":17,"minecraft:egg":1,"minecraft:raw_iron":58,"artifacts:charm_of_sinking":1,"farmersdelight:minced_beef":6,"quark:jungle_chest":3,"farmersdelight:tomato_seeds":1,"quark:blossom_planks_slab":4,"minecraft:carrot":6,"minecraft:redstone":72,"alexsmobs:crocodile_scute":3,"supplementaries:sign_post_oak":1,"minecraft:arrow":87,"biomesoplenty:blue_hydrangea":1,"minecraft:stone_shovel":2,"quark:orange_blossom_sapling":30,"minecraft:hay_block":33,"biomesoplenty:mahogany_stairs":21,"quark:stripped_blossom_log":20,"minecraft:mutton":19,"minecraft:rail":14,"biomesoplenty:orange_sand":1,"minecraft:white_wool":6,"biomesoplenty:mahogany_trapdoor":10,"minecraft:leather":12,"minecraft:jungle_fence":1,"minecraft:red_mushroom":2,"minecraft:birch_planks":27,"minecraft:oak_log":270,"minecraft:yellow_bed":2,"minecraft:gunpowder":3,"minecraft:cobblestone_wall":3,"minecraft:cobblestone_stairs":4,"tombstone:gift":1,"biomesoplenty:mahogany_slab":39,"minecraft:apple":31,"minecraft:stone_bricks":5,"alexscaves:radrock":11,"minecraft:iron_ingot":13,"minecraft:cooked_chicken":19,"minecraft:glass_bottle":2,"minecraft:acacia_sapling":3,"minecraft:iron_sword":2,"minecraft:book":63,"minecraft:oak_slab":1,"minecraft:chiseled_stone_bricks":1,"minecraft:dandelion":2,"minecraft:gravel":33,"minecraft:blast_furnace":1,"minecraft:spruce_log":2,"quark:blossom_trapdoor":3,"minecraft:spider_eye":1,"minecraft:leather_helmet":1,"biomesoplenty:mahogany_log":512,"minecraft:stone_axe":2,"biomesoplenty:mahogany_door":2,"quark:hollow_birch_log":1,"tombstone:magic_scroll":1,"minecraft:coal":161,"minecraft:ender_pearl":1},"minecraft:custom":{"minecraft:interact_with_crafting_table":80,"minecraft:open_barrel":34,"minecraft:leave_game":18,"minecraft:time_since_death":11879,"minecraft:sprint_one_cm":1451041,"minecraft:drop":181,"minecraft:talked_to_villager":11,"minecraft:play_time":607501,"minecraft:deaths":16,"minecraft:interact_with_brewingstand":1,"minecraft:jump":8961,"minecraft:walk_on_water_one_cm":65868,"minecraft:interact_with_furnace":55,"minecraft:interact_with_cartography_table":1,"minecraft:waystone_activated":5,"minecraft:damage_dealt":27597,"minecraft:crouch_one_cm":168096,"tombstone:undead_killed":73,"minecraft:interact_with_smoker":6,"minecraft:mob_kills":142,"minecraft:interact_with_campfire":16,"minecraft:damage_dealt_resisted":78,"minecraft:climb_one_cm":11905,"minecraft:walk_one_cm":1352553,"minecraft:damage_dealt_absorbed":10,"minecraft:sneak_time":52568,"minecraft:walk_under_water_one_cm":47281,"minecraft:total_world_time":607501,"tombstone:raider_killed":15,"minecraft:interact_with_stonecutter":1,"minecraft:time_since_rest":11757,"minecraft:damage_taken":11998,"minecraft:swim_one_cm":187380,"minecraft:fly_one_cm":1251680,"minecraft:open_chest":300,"minecraft:fall_one_cm":231662},"minecraft:dropped":{"minecraft:brown_mushroom":1,"biomesoplenty:pink_daffodil":1,"minecraft:glass_bottle":2,"minecraft:jungle_fence":1,"biomesoplenty:mahogany_planks":15,"minecraft:jungle_planks":4,"biomesoplenty:orange_cosmos":2,"minecraft:rail":28,"minecraft:leather_helmet":1,"farmersdelight:rice":1,"minecraft:red_mushroom":1,"minecraft:cod":2,"minecraft:flint":1,"minecraft:dirt":94,"minecraft:mutton":10,"minecraft:jungle_sapling":2,"minecraft:wooden_sword":1,"minecraft:gold_nugget":3,"minecraft:sand":1,"minecraft:sugar":2,"minecraft:white_wool":2,"biomesoplenty:mahogany_slab":1,"minecraft:bone":5,"minecraft:armor_stand":2,"biomesoplenty:stripped_mahogany_log":1,"minecraft:gravel":4,"minecraft:stone_axe":3,"bountiful:bounty":1,"minecraft:sugar_cane":13,"alexsmobs:crocodile_egg":1,"cyclic:flower_absalon_tulip":1,"alexscaves:radrock":9,"biomesoplenty:mahogany_stairs":8,"minecraft:rotten_flesh":40,"minecraft:glowstone_dust":4,"cyclic:flower_lime_carnation":3,"minecraft:carrot":1,"quark:blossom_chest":1,"minecraft:poppy":2,"supplementaries:flax_seeds":5,"quark:hollow_oak_log":1,"minecraft:acacia_sapling":3,"fishofthieves:stormfish":1,"minecraft:arrow":36,"biomesoplenty:mahogany_sapling":2,"minecraft:netherrack":1,"farmersdelight:tomato_seeds":1,"minecraft:bread":1,"minecraft:iron_ingot":9,"biomesoplenty:mahogany_log":49,"minecraft:oak_slab":1,"minecraft:wheat_seeds":32,"quark:hollow_birch_log":1,"minecraft:feather":2,"minecraft:prismarine_crystals":1,"minecraft:cobblestone":107,"minecraft:copper_ingot":3,"blue_skies:ventium_ingot":1,"minecraft:coal":23,"minecraft:stick":5,"biomesoplenty:orange_sand":1,"alexsmobs:leafcutter_ant_chamber":1,"minecraft:rose_bush":8,"tombstone:grave_dust":1,"supplementaries:sign_post_oak":1,"minecraft:string":2,"minecraft:acacia_planks":6,"minecraft:dandelion":2,"minecraft:furnace":1,"minecraft:moss_carpet":1,"alexscaves:uranium":4,"minecraft:coarse_dirt":3,"minecraft:raw_copper":8,"farmersdelight:cabbage_seeds":4,"biomemakeover:raw_crab":1,"minecraft:hay_block":1,"create:veridium":1,"fishofthieves:earthworms":2,"minecraft:spruce_planks":2,"minecraft:diamond_pickaxe":1,"minecraft:yellow_bed":1,"minecraft:oak_sapling":130,"biomesoplenty:blue_hydrangea":1,"minecraft:stone_bricks":2,"sophisticatedbackpacks:copper_backpack":1,"hunters_return:boomerang":1,"minecraft:stone_pickaxe":1,"minecraft:wooden_pickaxe":2,"farmersdelight:tomato":2,"minecraft:brick":4},"minecraft:broken":{"minecraft:wooden_sword":1,"minecraft:stone_shovel":1,"minecraft:stone_sword":1,"minecraft:iron_axe":7,"minecraft:iron_pickaxe":1},"minecraft:crafted":{"minecraft:oak_planks":340,"minecraft:cobblestone_stairs":4,"biomesoplenty:mahogany_slab":42,"minecraft:cooked_mutton":6,"minecraft:oak_slab":126,"quark:blossom_planks":360,"minecraft:cooked_porkchop":9,"minecraft:crafting_table":8,"minecraft:spruce_planks":4,"minecraft:wooden_pickaxe":2,"fishofthieves:cooked_pondie":1,"minecraft:copper_ingot":3,"additional_lights:fire_for_standing_torch_s":5,"minecraft:birch_planks":60,"minecraft:campfire":8,"farmersdelight:beef_patty":6,"minecraft:diamond_pickaxe":2,"minecraft:stick":292,"minecraft:iron_ingot":31,"minecraft:iron_pickaxe":2,"minecraft:stone_sword":1,"farmersdelight:cooked_bacon":3,"biomesoplenty:mahogany_trapdoor":26,"quark:blossom_planks_stairs":84,"quark:blossom_trapdoor":2,"quark:blossom_planks_slab":30,"biomesoplenty:mahogany_planks":364,"quark:jungle_chest":5,"minecraft:furnace":1,"minecraft:bone_meal":120,"quark:blossom_chest":3,"quark:blossom_fence":54,"minecraft:iron_axe":9,"minecraft:stone_pickaxe":2,"minecraft:cobblestone_wall":6,"biomesoplenty:mahogany_stairs":16,"minecraft:wheat":288,"minecraft:cooked_beef":34,"quark:blossom_fence_gate":34,"farmersdelight:cooked_mutton_chops":2,"minecraft:iron_sword":2,"minecraft:stone_axe":1,"minecraft:jungle_planks":52,"minecraft:bread":99,"minecraft:air":0,"biomesoplenty:mahogany_door":3,"minecraft:iron_shovel":1,"quark:blossom_button":1,"minecraft:acacia_planks":8,"minecraft:torch":220},"minecraft:killed":{"minecraft:cave_spider":3,"minecraft:witch":3,"minecraft:spider":6,"alexsmobs:murmur":1,"minecraft:skeleton":26,"minecraft:chicken":1,"artifacts:mimic":1,"minecraft:pig":5,"farlanders:rebel":4,"hunters_return:hunter":8,"minecraft:iron_golem":1,"minecraft:creeper":5,"minecraft:sheep":6,"minecraft:pillager":2,"minecraft:zombie":42,"alexsmobs:fly":2,"minecraft:cow":9,"minecraft:vindicator":1,"minecraft:phantom":1,"minecraft:horse":1,"minecraft:drowned":3,"farlanders:classic_enderman":2,"farlanders:looter":1,"alexsmobs:crocodile":1,"biomemakeover:helmit_crab":2},"minecraft:mined":{"create:deepslate_zinc_ore":25,"minecraft:spruce_planks":2,"minecraft:farmland":1,"biomemakeover:wild_mushrooms":1,"quark:orange_blossom_leaves":33,"biomemakeover:reed":1,"minecraft:cobblestone_stairs":4,"alexsmobs:leafcutter_anthill":1,"minecraft:obsidian":4,"biomesoplenty:mahogany_door":1,"minecraft:granite":11,"minecraft:acacia_log":5,"minecraft:grass_block":171,"biomesoplenty:stripped_mahogany_log":42,"minecraft:jungle_log":13,"quark:stripped_blossom_log":21,"minecraft:chiseled_stone_bricks":1,"quark:hollow_birch_log":1,"quark:blossom_chest":5,"diagonalfences:quark/blossom_fence":7,"biomesoplenty:orange_cosmos":2,"minecraft:cobbled_deepslate":2,"farmersdelight:rice":1,"minecraft:iron_ore":43,"minecraft:fire":1,"quark:blossom_planks":17,"quark:blossom_fence_gate":5,"minecraft:moss_carpet":28,"minecraft:deepslate_lapis_ore":7,"biomesoplenty:hanging_cobweb":2,"biomesoplenty:glowflower":1,"biomesoplenty:webbing":5,"farmersdelight:rice_panicles":1,"quark:blossom_planks_slab":16,"create:veridium":1,"minecraft:deepslate_redstone_ore":15,"cyclic:flower_lime_carnation":3,"biomesoplenty:hanging_cobweb_strand":1,"minecraft:torch":11,"minecraft:blast_furnace":1,"minecraft:poppy":2,"minecraft:melon":3,"quark:blossom_log":410,"supplementaries:wild_flax":2,"farmersdelight:cabbages":1,"minecraft:cobblestone":25,"minecraft:oak_planks":2,"minecraft:sugar_cane":11,"biomesoplenty:mahogany_slab":24,"minecraft:wall_torch":20,"minecraft:birch_log":78,"minecraft:grass":82,"biomesoplenty:clover":14,"minecraft:oak_log":380,"minecraft:sand":1,"minecraft:dirt":52,"quark:hollow_oak_log":1,"minecraft:oak_leaves":28,"minecraft:deepslate":791,"minecraft:tuff":3,"minecraft:deepslate_diamond_ore":6,"alexscaves:radrock":11,"farmersdelight:wild_carrots":7,"minecraft:dark_oak_fence":2,"biomesoplenty:bush":4,"minecraft:jungle_planks":4,"minecraft:decorated_pot":1,"biomemakeover:cattail":1,"alexsmobs:leafcutter_ant_chamber":2,"quark:jungle_chest":3,"farmersdelight:tomatoes":1,"minecraft:spruce_leaves":4,"biomesoplenty:mahogany_sapling":4,"minecraft:kelp":1,"minecraft:large_fern":2,"minecraft:hay_block":32,"alexscaves:radrock_uranium_ore":44,"biomesoplenty:toadstool":1,"minecraft:andesite":16,"biomesoplenty:sea_oats":1,"minecraft:bookshelf":22,"minecraft:deepslate_iron_ore":16,"minecraft:vine":2,"biomesoplenty:high_grass":1,"minecraft:lantern":3,"quark:blossom_trapdoor":3,"biomesoplenty:spider_egg":1,"minecraft:stone":425,"minecraft:oak_slab":1,"cyclic:flower_absalon_tulip":1,"biomesoplenty:orange_sand":1,"minecraft:dandelion":3,"minecraft:crafting_table":9,"minecraft:emerald_ore":3,"biomesoplenty:mahogany_planks":60,"minecraft:rose_bush":4,"minecraft:andesite_slab":1,"minecraft:tall_grass":11,"biomesoplenty:high_grass_plant":5,"minecraft:copper_ore":2,"minecraft:deepslate_gold_ore":14,"minecraft:lapis_ore":21,"biomesoplenty:huge_clover_petal":44,"minecraft:sculk":2,"minecraft:diorite":23,"biomesoplenty:mahogany_trapdoor":10,"supplementaries:urn":17,"minecraft:birch_planks":27,"minecraft:coarse_dirt":3,"quark:blossom_planks_stairs":71,"minecraft:cobblestone_wall":3,"biomesoplenty:blue_hydrangea":1,"additional_lights:fire_for_standing_torch_s":1,"biomesoplenty:mahogany_log":511,"biomesoplenty:pink_daffodil":2,"minecraft:spruce_log":2,"minecraft:birch_leaves":4,"minecraft:jungle_fence":1,"minecraft:coal_ore":140,"biomesoplenty:mahogany_stairs":15,"minecraft:gravel":15,"minecraft:cobweb":5,"minecraft:stone_bricks":5,"minecraft:gold_ore":17,"minecraft:fern":48},"minecraft:used":{"minecraft:moss_carpet":1,"biomesoplenty:mahogany_slab":73,"minecraft:iron_sword":356,"minecraft:jungle_planks":5,"minecraft:carrot":9,"minecraft:stone_bricks":3,"fishofthieves:cooked_pondie":1,"biomesoplenty:mahogany_sapling":17,"quark:blossom_chest":7,"minecraft:furnace":1,"minecraft:stone_pickaxe":19,"minecraft:oak_planks":11,"biomesoplenty:mahogany_trapdoor":35,"minecraft:wooden_pickaxe":10,"biomesoplenty:mahogany_door":5,"minecraft:crossbow":40,"quark:blossom_fence_gate":14,"quark:blossom_button":1,"waystones:waystone":1,"minecraft:bread":20,"minecraft:melon_slice":19,"adorn:guide_book":1,"quark:blossom_fence":34,"minecraft:wooden_sword":95,"minecraft:bone_meal":83,"biomesoplenty:mahogany_planks":134,"minecraft:stone_sword":153,"minecraft:stone_shovel":197,"quark:jungle_chest":7,"minecraft:cooked_chicken":19,"minecraft:torch":304,"minecraft:dirt":108,"minecraft:cobblestone_wall":3,"quark:blossom_planks_slab":16,"farmersdelight:beef_patty":6,"biomesoplenty:mahogany_stairs":25,"minecraft:iron_axe":1943,"minecraft:beef":1,"quark:blossom_planks":24,"tombstone:gift":8,"farmersdelight:cooked_mutton_chops":2,"minecraft:cooked_beef":25,"minecraft:cobbled_deepslate":4,"quark:orange_blossom_sapling":6,"quark:blossom_log":39,"minecraft:cooked_mutton":3,"minecraft:water_bucket":4,"minecraft:cobblestone_stairs":4,"minecraft:birch_planks":27,"minecraft:andesite_slab":1,"biomesoplenty:mahogany_log":307,"minecraft:crafting_table":14,"minecraft:red_mushroom":1,"minecraft:campfire":2,"minecraft:spruce_log":1,"minecraft:oak_log":28,"minecraft:diamond_pickaxe":1294,"minecraft:apple":72,"biomesoplenty:pink_daffodil":1,"minecraft:iron_pickaxe":405,"alexsmobs:crocodile_egg":1,"quark:blossom_planks_stairs":146,"minecraft:stone_axe":93,"farmersdelight:cooked_bacon":3,"minecraft:cobblestone":42,"additional_lights:fire_for_standing_torch_s":5,"travelersbackpack:standard":2,"minecraft:cooked_porkchop":10,"minecraft:bucket":4,"quark:blossom_trapdoor":3,"alexsmobs:animal_dictionary":1,"alexscaves:radrock":2}},"DataVersion":3465}