{"stats":{"minecraft:broken":{"minecraft:wooden_sword":1,"minecraft:stone_sword":1,"minecraft:iron_pickaxe":1},"minecraft:mined":{"create:deepslate_zinc_ore":25,"biomemakeover:wild_mushrooms":1,"quark:orange_blossom_leaves":33,"biomemakeover:reed":1,"minecraft:granite":11,"minecraft:grass_block":19,"minecraft:jungle_log":13,"minecraft:chiseled_stone_bricks":1,"quark:hollow_birch_log":1,"quark:blossom_chest":3,"biomesoplenty:orange_cosmos":2,"farmersdelight:rice":1,"minecraft:iron_ore":18,"minecraft:cobbled_deepslate":1,"minecraft:moss_carpet":2,"quark:blossom_planks":2,"minecraft:deepslate_lapis_ore":7,"biomesoplenty:hanging_cobweb":2,"biomesoplenty:glowflower":1,"biomesoplenty:webbing":5,"farmersdelight:rice_panicles":1,"minecraft:deepslate_redstone_ore":15,"cyclic:flower_lime_carnation":3,"biomesoplenty:hanging_cobweb_strand":1,"minecraft:torch":9,"minecraft:poppy":1,"minecraft:melon":3,"quark:blossom_log":133,"farmersdelight:cabbages":1,"minecraft:cobblestone":17,"minecraft:sugar_cane":10,"minecraft:oak_planks":2,"minecraft:wall_torch":13,"minecraft:grass":23,"biomesoplenty:clover":14,"minecraft:oak_log":10,"minecraft:sand":1,"minecraft:dirt":22,"minecraft:oak_leaves":18,"minecraft:deepslate":582,"minecraft:tuff":3,"minecraft:deepslate_diamond_ore":6,"farmersdelight:wild_carrots":7,"minecraft:dark_oak_fence":2,"biomemakeover:cattail":1,"minecraft:decorated_pot":1,"minecraft:jungle_planks":4,"quark:jungle_chest":2,"farmersdelight:tomatoes":1,"minecraft:spruce_leaves":3,"biomesoplenty:mahogany_sapling":1,"minecraft:large_fern":2,"biomesoplenty:toadstool":1,"minecraft:andesite":12,"biomesoplenty:sea_oats":1,"minecraft:bookshelf":22,"minecraft:vine":2,"minecraft:deepslate_iron_ore":16,"biomesoplenty:high_grass":1,"biomesoplenty:spider_egg":1,"minecraft:stone":256,"minecraft:oak_slab":1,"cyclic:flower_absalon_tulip":1,"minecraft:dandelion":1,"minecraft:crafting_table":3,"minecraft:emerald_ore":1,"biomesoplenty:mahogany_planks":3,"minecraft:andesite_slab":1,"biomesoplenty:high_grass_plant":5,"minecraft:tall_grass":7,"minecraft:copper_ore":2,"biomesoplenty:huge_clover_petal":44,"minecraft:lapis_ore":21,"minecraft:deepslate_gold_ore":14,"minecraft:sculk":2,"minecraft:diorite":16,"supplementaries:urn":17,"biomesoplenty:blue_hydrangea":1,"biomesoplenty:mahogany_log":76,"biomesoplenty:pink_daffodil":2,"minecraft:spruce_log":2,"minecraft:jungle_fence":1,"minecraft:coal_ore":91,"minecraft:gravel":15,"minecraft:cobweb":5,"minecraft:stone_bricks":5,"minecraft:fern":25},"minecraft:picked_up":{"minecraft:iron_chestplate":1,"minecraft:wheat":1,"minecraft:enchanted_book":2,"minecraft:string":9,"minecraft:raw_copper":5,"biomesoplenty:stripped_mahogany_log":1,"minecraft:armor_stand":2,"minecraft:cobbled_deepslate":582,"minecraft:rose_bush":4,"minecraft:melon_slice":19,"biomemakeover:raw_crab":1,"minecraft:stick":16,"minecraft:torch":32,"quark:blossom_log":114,"tombstone:grave_dust":5,"minecraft:diorite":16,"quark:blossom_planks":2,"minecraft:rotten_flesh":20,"biomesoplenty:mahogany_sapling":7,"quark:blossom_chest":3,"supplementaries:ash":33,"biomesoplenty:orange_cosmos":2,"minecraft:cobblestone":272,"minecraft:feather":2,"farmersdelight:rice":1,"minecraft:jungle_log":13,"minecraft:andesite":12,"minecraft:flint":3,"minecraft:tuff":3,"create:raw_zinc":25,"supplementaries:flax_seeds":4,"minecraft:lapis_lazuli":187,"farmersdelight:tomato":2,"minecraft:dirt":64,"minecraft:bone":35,"minecraft:bow":3,"minecraft:wheat_seeds":5,"minecraft:raw_gold":14,"fishofthieves:earthworms":9,"minecraft:glowstone_dust":4,"minecraft:diamond_helmet":1,"biomesoplenty:mahogany_planks":15,"alexsmobs:crocodile_egg":2,"minecraft:sand":1,"minecraft:jungle_planks":3,"cyclic:flower_absalon_tulip":1,"minecraft:grass_block":2,"biomesoplenty:glowflower":1,"minecraft:bundle":1,"minecraft:sugar":2,"minecraft:diamond":6,"waystones:waystone":1,"minecraft:crossbow":1,"minecraft:granite":11,"minecraft:emerald":11,"alexsmobs:maggot":2,"biomesoplenty:pink_daffodil":2,"minecraft:oak_sapling":2,"minecraft:andesite_slab":1,"minecraft:crafting_table":3,"minecraft:chicken":13,"minecraft:brown_mushroom":1,"minecraft:brick":4,"minecraft:moss_carpet":2,"cyclic:flower_lime_carnation":3,"minecraft:beef":31,"minecraft:jungle_sapling":2,"minecraft:poppy":1,"minecraft:sugar_cane":16,"minecraft:raw_iron":34,"artifacts:charm_of_sinking":1,"farmersdelight:minced_beef":6,"quark:jungle_chest":2,"farmersdelight:tomato_seeds":1,"minecraft:carrot":6,"minecraft:redstone":72,"alexsmobs:crocodile_scute":3,"minecraft:arrow":78,"biomesoplenty:blue_hydrangea":1,"minecraft:stone_shovel":2,"quark:orange_blossom_sapling":11,"minecraft:mutton":15,"minecraft:white_wool":4,"minecraft:leather":12,"minecraft:jungle_fence":1,"minecraft:red_mushroom":2,"minecraft:oak_log":10,"minecraft:gunpowder":2,"minecraft:apple":13,"minecraft:stone_bricks":4,"minecraft:iron_ingot":12,"minecraft:cooked_chicken":19,"minecraft:glass_bottle":2,"minecraft:book":63,"minecraft:oak_slab":1,"minecraft:chiseled_stone_bricks":1,"minecraft:gravel":29,"minecraft:spruce_log":2,"minecraft:spider_eye":1,"minecraft:leather_helmet":1,"biomesoplenty:mahogany_log":45,"minecraft:stone_axe":2,"quark:hollow_birch_log":1,"tombstone:magic_scroll":1,"minecraft:coal":91,"minecraft:ender_pearl":1},"minecraft:dropped":{"minecraft:brown_mushroom":1,"biomesoplenty:pink_daffodil":1,"minecraft:glass_bottle":2,"minecraft:jungle_fence":1,"biomesoplenty:mahogany_planks":12,"minecraft:jungle_planks":4,"biomesoplenty:orange_cosmos":2,"minecraft:leather_helmet":1,"farmersdelight:rice":1,"minecraft:red_mushroom":1,"minecraft:cod":2,"minecraft:flint":1,"minecraft:dirt":15,"minecraft:mutton":10,"minecraft:jungle_sapling":2,"minecraft:gold_nugget":3,"minecraft:sand":1,"minecraft:sugar":2,"minecraft:armor_stand":2,"minecraft:bone":1,"biomesoplenty:stripped_mahogany_log":1,"minecraft:stone_axe":3,"bountiful:bounty":1,"minecraft:sugar_cane":12,"alexsmobs:crocodile_egg":1,"cyclic:flower_absalon_tulip":1,"minecraft:rotten_flesh":17,"minecraft:glowstone_dust":4,"cyclic:flower_lime_carnation":3,"minecraft:carrot":1,"minecraft:poppy":1,"supplementaries:flax_seeds":3,"fishofthieves:stormfish":1,"minecraft:arrow":30,"biomesoplenty:mahogany_sapling":2,"farmersdelight:tomato_seeds":1,"minecraft:iron_ingot":7,"minecraft:oak_slab":1,"minecraft:wheat_seeds":5,"quark:hollow_birch_log":1,"minecraft:feather":2,"minecraft:cobblestone":104,"minecraft:prismarine_crystals":1,"blue_skies:ventium_ingot":1,"minecraft:stick":4,"minecraft:rose_bush":4,"tombstone:grave_dust":1,"minecraft:moss_carpet":1,"farmersdelight:cabbage_seeds":4,"biomemakeover:raw_crab":1,"minecraft:oak_sapling":2,"biomesoplenty:blue_hydrangea":1,"minecraft:stone_bricks":1,"hunters_return:boomerang":1,"minecraft:stone_pickaxe":1,"minecraft:wooden_pickaxe":2,"farmersdelight:tomato":2,"minecraft:brick":4},"minecraft:crafted":{"minecraft:oak_planks":32,"minecraft:cooked_mutton":6,"quark:blossom_planks":104,"minecraft:cooked_porkchop":9,"minecraft:crafting_table":3,"minecraft:spruce_planks":4,"minecraft:wooden_pickaxe":2,"fishofthieves:cooked_pondie":1,"farmersdelight:beef_patty":6,"minecraft:diamond_pickaxe":2,"minecraft:stick":80,"minecraft:iron_ingot":10,"minecraft:iron_pickaxe":2,"minecraft:stone_sword":1,"farmersdelight:cooked_bacon":3,"biomesoplenty:mahogany_planks":76,"quark:jungle_chest":5,"minecraft:furnace":1,"minecraft:bone_meal":57,"quark:blossom_chest":2,"minecraft:iron_axe":2,"minecraft:stone_pickaxe":2,"minecraft:cooked_beef":34,"farmersdelight:cooked_mutton_chops":2,"minecraft:iron_sword":2,"minecraft:stone_axe":1,"minecraft:air":0,"minecraft:jungle_planks":52,"minecraft:torch":156},"minecraft:custom":{"minecraft:interact_with_crafting_table":37,"minecraft:open_barrel":31,"minecraft:leave_game":16,"minecraft:time_since_death":16244,"minecraft:sprint_one_cm":975419,"minecraft:drop":96,"minecraft:talked_to_villager":11,"minecraft:play_time":364319,"minecraft:deaths":7,"minecraft:jump":6098,"minecraft:walk_on_water_one_cm":45452,"minecraft:interact_with_furnace":45,"minecraft:interact_with_cartography_table":1,"minecraft:waystone_activated":3,"minecraft:damage_dealt":17869,"minecraft:crouch_one_cm":39374,"tombstone:undead_killed":42,"minecraft:interact_with_smoker":6,"minecraft:mob_kills":94,"minecraft:interact_with_campfire":13,"minecraft:damage_dealt_resisted":78,"minecraft:climb_one_cm":7345,"minecraft:walk_one_cm":656227,"minecraft:damage_dealt_absorbed":10,"minecraft:sneak_time":14986,"minecraft:walk_under_water_one_cm":34367,"minecraft:total_world_time":364319,"tombstone:raider_killed":14,"minecraft:interact_with_stonecutter":1,"minecraft:time_since_rest":15206,"minecraft:damage_taken":7384,"minecraft:swim_one_cm":111002,"minecraft:fly_one_cm":942590,"minecraft:open_chest":170,"minecraft:fall_one_cm":158482},"minecraft:killed":{"minecraft:cave_spider":3,"minecraft:witch":3,"minecraft:spider":5,"alexsmobs:murmur":1,"minecraft:skeleton":18,"minecraft:chicken":1,"artifacts:mimic":1,"farlanders:rebel":3,"hunters_return:hunter":8,"minecraft:iron_golem":1,"minecraft:creeper":3,"minecraft:sheep":4,"minecraft:pillager":1,"minecraft:zombie":21,"alexsmobs:fly":1,"minecraft:cow":9,"minecraft:vindicator":1,"minecraft:phantom":1,"minecraft:horse":1,"minecraft:drowned":1,"farlanders:classic_enderman":2,"farlanders:looter":1,"alexsmobs:crocodile":1,"biomemakeover:helmit_crab":2},"minecraft:used":{"minecraft:moss_carpet":1,"minecraft:iron_sword":165,"minecraft:jungle_planks":5,"minecraft:carrot":9,"fishofthieves:cooked_pondie":1,"minecraft:stone_bricks":3,"biomesoplenty:mahogany_sapling":1,"quark:blossom_chest":5,"minecraft:furnace":1,"minecraft:stone_pickaxe":19,"minecraft:oak_planks":1,"minecraft:wooden_pickaxe":10,"minecraft:crossbow":40,"minecraft:bread":12,"minecraft:melon_slice":19,"adorn:guide_book":1,"minecraft:wooden_sword":95,"minecraft:bone_meal":1,"biomesoplenty:mahogany_planks":3,"minecraft:stone_sword":153,"quark:jungle_chest":7,"minecraft:cooked_chicken":19,"minecraft:torch":172,"minecraft:dirt":37,"farmersdelight:beef_patty":6,"minecraft:iron_axe":213,"minecraft:beef":1,"quark:blossom_planks":2,"tombstone:gift":6,"farmersdelight:cooked_mutton_chops":2,"minecraft:cooked_beef":25,"minecraft:cobbled_deepslate":4,"quark:orange_blossom_sapling":1,"quark:blossom_log":2,"minecraft:cooked_mutton":3,"minecraft:water_bucket":4,"minecraft:andesite_slab":1,"minecraft:crafting_table":6,"minecraft:red_mushroom":1,"minecraft:spruce_log":1,"minecraft:diamond_pickaxe":721,"minecraft:apple":17,"biomesoplenty:pink_daffodil":1,"minecraft:iron_pickaxe":405,"alexsmobs:crocodile_egg":1,"minecraft:stone_axe":93,"farmersdelight:cooked_bacon":3,"minecraft:cobblestone":21,"travelersbackpack:standard":2,"minecraft:cooked_porkchop":7,"minecraft:bucket":4,"alexsmobs:animal_dictionary":1}},"DataVersion":3465}