{"stats":{"minecraft:picked_up":{"minecraft:crafting_table":6,"minecraft:coarse_dirt":2,"minecraft:wheat":30,"minecraft:azure_bluet":1,"minecraft:chicken":1,"minecraft:anvil":2,"minecraft:lead":1,"minecraft:enchanted_book":10,"minecraft:stone_brick_stairs":3,"tombstone:scroll_of_preservation":1,"minecraft:brewing_stand":2,"minecraft:string":30,"minecraft:iron_axe":2,"biomesoplenty:stripped_mahogany_log":47,"cyclic:flower_lime_carnation":3,"quark:spruce_chest":1,"farmersdelight:cabbage":50,"hunters_return:boomerang":2,"minecraft:spruce_planks":156,"minecraft:iron_pickaxe":2,"minecraft:melon_slice":9,"minecraft:sugar_cane":74,"farmersdelight:cabbage_seeds":117,"minecraft:furnace":1,"minecraft:stick":144,"farmersdelight:rotten_tomato":1,"minecraft:torch":13,"farmersdelight:tomato_seeds":64,"tombstone:grave_dust":4,"minecraft:stone_shovel":6,"minecraft:arrow":14,"minecraft:rotten_flesh":48,"farmersdelight:onion":56,"biomesoplenty:mahogany_sapling":133,"minecraft:hay_block":6,"biomesoplenty:mahogany_stairs":8,"tombstone:essence_of_undeath":2,"minecraft:saddle":1,"minecraft:gold_ingot":18,"supplementaries:ash":1,"minecraft:cod":2,"minecraft:cobblestone":472,"biomesoplenty:mahogany_trapdoor":9,"minecraft:stripped_oak_log":11,"minecraft:feather":2,"minecraft:jungle_log":1,"create:raw_zinc":18,"minecraft:oak_log":322,"supplementaries:flax_seeds":6,"farlanders:looter_hood":1,"farmersdelight:flint_knife":1,"minecraft:lapis_lazuli":9,"farmersdelight:tomato":46,"minecraft:dirt":1163,"tombstone:gift":1,"minecraft:bone":22,"farmersdelight:iron_knife":1,"minecraft:apple":17,"minecraft:stone_bricks":96,"minecraft:bow":3,"minecraft:wheat_seeds":164,"minecraft:grindstone":1,"minecraft:iron_ingot":2,"tombstone:tablet_of_guard":1,"fishofthieves:earthworms":173,"artifacts:antidote_vessel":4,"minecraft:oak_planks":6,"minecraft:iron_sword":3,"biomesoplenty:mahogany_planks":17,"minecraft:oak_slab":17,"minecraft:spruce_sapling":4,"minecraft:blast_furnace":2,"minecraft:spruce_log":54,"minecraft:grass_block":1,"minecraft:spider_eye":12,"minecraft:bundle":1,"biomesoplenty:mahogany_log":481,"blue_skies:ventium_ingot":1,"minecraft:diamond":2,"biomesoplenty:mahogany_door":4,"minecraft:stone_axe":1,"minecraft:writable_book":1,"minecraft:golden_apple":1,"minecraft:golden_horse_armor":1,"minecraft:emerald":23,"alexsmobs:maggot":4,"biomesoplenty:pink_daffodil":2,"tombstone:magic_scroll":2,"minecraft:oak_sapling":340,"minecraft:ender_pearl":2},"minecraft:custom":{"minecraft:mob_kills":87,"minecraft:interact_with_crafting_table":62,"minecraft:open_barrel":5,"minecraft:leave_game":5,"minecraft:time_since_death":22321,"minecraft:climb_one_cm":8200,"minecraft:sprint_one_cm":717848,"minecraft:walk_one_cm":862737,"minecraft:drop":100,"minecraft:play_time":427404,"minecraft:sneak_time":11579,"minecraft:deaths":8,"minecraft:walk_under_water_one_cm":31454,"minecraft:jump":6322,"minecraft:walk_on_water_one_cm":32291,"minecraft:total_world_time":427404,"minecraft:interact_with_furnace":33,"tombstone:raider_killed":1,"minecraft:waystone_activated":1,"minecraft:time_since_rest":22105,"minecraft:damage_taken":8564,"minecraft:damage_dealt":16233,"minecraft:swim_one_cm":90741,"minecraft:fly_one_cm":948510,"minecraft:open_chest":140,"minecraft:crouch_one_cm":32635,"tombstone:undead_killed":60,"minecraft:fall_one_cm":181924},"minecraft:dropped":{"minecraft:bread":6,"biomesoplenty:mahogany_log":4,"minecraft:iron_ingot":1,"minecraft:iron_sword":2,"minecraft:wheat_seeds":24,"minecraft:apple":1,"biomesoplenty:mahogany_door":1,"minecraft:cod":2,"minecraft:stick":5,"minecraft:dirt":44,"minecraft:mutton":6,"minecraft:wooden_axe":1,"tombstone:grave_dust":1,"minecraft:iron_axe":2,"minecraft:iron_pickaxe":2,"minecraft:string":5,"minecraft:spruce_sapling":4,"farmersdelight:mutton_chops":6,"biomesoplenty:stripped_mahogany_log":1,"farmersdelight:rotten_tomato":1,"minecraft:stone_axe":2,"minecraft:wheat":2,"minecraft:stone_shovel":9,"farmersdelight:cabbage":18,"minecraft:chicken":1,"minecraft:rotten_flesh":5,"fishofthieves:earthworms":1,"minecraft:spruce_planks":74,"artifacts:antidote_vessel":2,"farmersdelight:minced_beef":6,"minecraft:spider_eye":2,"minecraft:spruce_log":14,"minecraft:beef":5,"farmersdelight:ham":2,"farmersdelight:tomato":1},"minecraft:broken":{"minecraft:golden_axe":1,"minecraft:iron_axe":1,"minecraft:stone_axe":6,"minecraft:iron_sword":1,"minecraft:iron_helmet":1,"minecraft:wooden_axe":4},"minecraft:crafted":{"minecraft:wooden_sword":1,"minecraft:oak_planks":328,"minecraft:stone_shovel":13,"vanillaplustools:stone_hammer":1,"biomesoplenty:mahogany_planks":360,"minecraft:furnace":2,"minecraft:stone":210,"minecraft:stone_brick_slab":30,"minecraft:iron_axe":1,"minecraft:stone_pickaxe":9,"biomesoplenty:mahogany_stairs":20,"vanillaplustools:stone_shovel":1,"quark:spruce_chest":2,"minecraft:stone_hoe":1,"minecraft:stone_bricks":208,"minecraft:golden_axe":1,"minecraft:oak_slab":330,"minecraft:crafting_table":6,"minecraft:spruce_planks":76,"minecraft:iron_sword":2,"minecraft:stone_axe":14,"minecraft:air":0,"minecraft:bread":21,"minecraft:stone_brick_stairs":16,"biomesoplenty:mahogany_door":6,"minecraft:stick":36,"quark:oak_chest":6,"minecraft:wooden_axe":7,"biomesoplenty:mahogany_trapdoor":52},"minecraft:killed":{"mca:female_zombie_villager":1,"minecraft:spider":14,"farlanders:fanmade_enderman":1,"minecraft:skeleton":16,"alexsmobs:leafcutter_ant":1,"minecraft:drowned":10,"farlanders:looter":2,"hunters_return:hunter":1,"minecraft:trader_llama":1,"minecraft:zombie":33,"alexsmobs:toucan":1,"alexsmobs:fly":3},"minecraft:mined":{"create:zinc_ore":9,"farmersdelight:onions":31,"minecraft:farmland":2,"biomemakeover:reed":1,"minecraft:brewing_stand":2,"biomesoplenty:mahogany_door":4,"biomesoplenty:bush":1,"minecraft:grass_block":366,"biomesoplenty:stripped_mahogany_log":47,"farmersdelight:tomatoes":28,"minecraft:spruce_leaves":1,"biomesoplenty:mahogany_sapling":3,"minecraft:large_fern":5,"minecraft:hay_block":6,"biomesoplenty:jacaranda_log":27,"minecraft:anvil":1,"minecraft:azure_bluet":1,"biomesoplenty:sea_oats":1,"minecraft:dirt_path":6,"minecraft:stripped_oak_log":8,"farmersdelight:rice_panicles":2,"minecraft:stone":361,"minecraft:oak_slab":18,"minecraft:glass_pane":2,"minecraft:crafting_table":6,"minecraft:torch":11,"minecraft:blast_furnace":2,"biomesoplenty:mahogany_planks":18,"farmersdelight:cabbages":31,"minecraft:tall_grass":3,"biomesoplenty:huge_clover_petal":5,"minecraft:grindstone":1,"minecraft:oak_planks":6,"minecraft:wall_torch":1,"biomesoplenty:mahogany_trapdoor":9,"minecraft:seagrass":1,"minecraft:coarse_dirt":2,"biomesoplenty:mahogany_log":508,"minecraft:wheat":29,"minecraft:spruce_log":33,"minecraft:stone_brick_stairs":3,"minecraft:grass":49,"biomesoplenty:clover":5,"minecraft:oak_log":350,"biomesoplenty:mahogany_stairs":8,"quark:spruce_chest":1,"minecraft:dirt":645,"minecraft:stone_bricks":94,"minecraft:oak_leaves":17,"minecraft:fern":178,"biomemakeover:willow_leaves":1},"minecraft:used":{"biomesoplenty:mahogany_planks":48,"minecraft:iron_shovel":202,"minecraft:stone_shovel":91,"farmersdelight:cabbage":32,"minecraft:iron_sword":493,"vanillaplustools:stone_hammer":57,"minecraft:stone_hoe":121,"minecraft:iron_chestplate":1,"minecraft:torch":11,"minecraft:dirt":1127,"minecraft:azure_bluet":1,"cyclic:flower_lime_carnation":3,"biomesoplenty:mahogany_stairs":19,"minecraft:wooden_axe":355,"farmersdelight:tomato":45,"quark:spruce_chest":2,"minecraft:grass_block":1,"minecraft:iron_axe":271,"minecraft:stone_brick_stairs":15,"minecraft:stone_bricks":165,"biomesoplenty:mahogany_sapling":14,"minecraft:bow":3,"minecraft:furnace":3,"tombstone:gift":9,"minecraft:golden_axe":35,"minecraft:wheat_seeds":142,"minecraft:oak_planks":78,"biomesoplenty:mahogany_trapdoor":49,"biomesoplenty:mahogany_log":203,"farmersdelight:onion":138,"minecraft:oak_slab":255,"minecraft:crafting_table":11,"vanillaplustools:stone_shovel":93,"biomesoplenty:mahogany_door":9,"minecraft:spruce_log":7,"minecraft:oak_log":187,"minecraft:apple":17,"biomesoplenty:pink_daffodil":2,"minecraft:melon_slice":9,"minecraft:bread":96,"minecraft:iron_pickaxe":93,"minecraft:stone_axe":813,"minecraft:wooden_sword":50,"quark:oak_chest":6,"minecraft:coarse_dirt":2,"minecraft:stripped_oak_log":5}},"DataVersion":3465}