{"stats":{"minecraft:killed":{"minecraft:spider":1,"minecraft:trader_llama":1,"minecraft:zombie":1},"minecraft:mined":{"minecraft:grass":1,"minecraft:hay_block":6,"biomesoplenty:clover":5,"minecraft:glass_pane":2,"biomesoplenty:huge_clover_petal":5,"minecraft:oak_leaves":2,"minecraft:azure_bluet":1,"minecraft:oak_log":5},"minecraft:used":{"minecraft:wooden_sword":50,"minecraft:oak_slab":1,"minecraft:bread":2,"tombstone:gift":2,"minecraft:azure_bluet":1},"minecraft:custom":{"minecraft:open_barrel":2,"minecraft:time_since_rest":1222,"minecraft:deaths":1,"minecraft:damage_taken":420,"minecraft:play_time":25938,"minecraft:sprint_one_cm":25970,"tombstone:undead_killed":1,"minecraft:walk_one_cm":39101,"minecraft:mob_kills":4,"minecraft:jump":140,"minecraft:damage_dealt":569,"minecraft:leave_game":1,"minecraft:walk_on_water_one_cm":1927,"minecraft:time_since_death":1505,"minecraft:total_world_time":25938,"minecraft:fly_one_cm":20363,"minecraft:fall_one_cm":1254},"minecraft:picked_up":{"minecraft:oak_slab":1,"minecraft:azure_bluet":1,"blue_skies:ventium_ingot":1,"minecraft:rotten_flesh":3,"minecraft:lead":1,"minecraft:hay_block":6,"minecraft:oak_log":4,"minecraft:oak_sapling":1,"minecraft:spider_eye":1,"minecraft:cobblestone":1}},"DataVersion":3465}