{"stats":{"minecraft:crafted":{"minecraft:golden_axe":1,"minecraft:wooden_sword":1,"minecraft:oak_planks":16,"minecraft:crafting_table":4,"minecraft:spruce_planks":76,"biomesoplenty:mahogany_planks":192,"minecraft:iron_sword":1,"minecraft:furnace":2,"minecraft:stone":54,"minecraft:air":0,"minecraft:bread":12,"minecraft:iron_axe":1,"minecraft:stick":20,"minecraft:wooden_axe":7,"quark:spruce_chest":2,"minecraft:stone_bricks":52},"minecraft:custom":{"minecraft:interact_with_furnace":10,"minecraft:mob_kills":16,"tombstone:raider_killed":1,"minecraft:interact_with_crafting_table":17,"minecraft:open_barrel":5,"minecraft:leave_game":3,"minecraft:time_since_death":56448,"minecraft:climb_one_cm":4364,"minecraft:waystone_activated":1,"minecraft:time_since_rest":55352,"minecraft:sprint_one_cm":342940,"minecraft:damage_taken":3673,"minecraft:walk_one_cm":281937,"minecraft:drop":38,"minecraft:damage_dealt":3380,"minecraft:swim_one_cm":49175,"minecraft:fly_one_cm":520231,"minecraft:open_chest":62,"minecraft:crouch_one_cm":436,"minecraft:play_time":154402,"tombstone:undead_killed":5,"minecraft:deaths":4,"minecraft:sneak_time":255,"minecraft:walk_under_water_one_cm":3678,"minecraft:jump":2804,"minecraft:walk_on_water_one_cm":13558,"minecraft:total_world_time":154402,"minecraft:fall_one_cm":79018},"minecraft:broken":{"minecraft:golden_axe":1,"minecraft:iron_axe":1,"minecraft:wooden_axe":4},"minecraft:killed":{"hunters_return:hunter":1,"minecraft:spider":6,"farlanders:fanmade_enderman":1,"minecraft:skeleton":1,"minecraft:trader_llama":1,"minecraft:zombie":4,"alexsmobs:fly":1},"minecraft:picked_up":{"minecraft:crafting_table":2,"minecraft:wheat":1,"minecraft:azure_bluet":1,"minecraft:feather":2,"minecraft:chicken":1,"minecraft:anvil":1,"minecraft:lead":1,"minecraft:oak_log":190,"minecraft:brewing_stand":2,"minecraft:iron_axe":2,"farmersdelight:tomato":45,"minecraft:dirt":230,"minecraft:string":4,"biomesoplenty:stripped_mahogany_log":1,"cyclic:flower_lime_carnation":3,"minecraft:apple":13,"minecraft:wheat_seeds":30,"farmersdelight:cabbage":32,"hunters_return:boomerang":1,"minecraft:spruce_planks":112,"minecraft:grindstone":1,"fishofthieves:earthworms":28,"minecraft:iron_pickaxe":1,"artifacts:antidote_vessel":2,"minecraft:sugar_cane":12,"minecraft:iron_sword":1,"farmersdelight:cabbage_seeds":63,"minecraft:oak_slab":1,"minecraft:stick":79,"farmersdelight:rotten_tomato":1,"farmersdelight:tomato_seeds":30,"minecraft:spruce_sapling":4,"minecraft:blast_furnace":2,"minecraft:spruce_log":47,"minecraft:spider_eye":4,"minecraft:arrow":1,"biomesoplenty:mahogany_log":226,"minecraft:rotten_flesh":8,"blue_skies:ventium_ingot":1,"biomesoplenty:mahogany_sapling":44,"farmersdelight:onion":55,"minecraft:hay_block":6,"minecraft:emerald":1,"alexsmobs:maggot":2,"minecraft:oak_sapling":98,"minecraft:coarse_dirt":1,"minecraft:cod":2,"minecraft:ender_pearl":1,"minecraft:cobblestone":102},"minecraft:dropped":{"biomesoplenty:mahogany_log":2,"minecraft:iron_sword":1,"farmersdelight:rotten_tomato":1,"minecraft:iron_ingot":1,"minecraft:bread":6,"minecraft:wheat":2,"minecraft:rotten_flesh":1,"minecraft:chicken":1,"minecraft:apple":1,"minecraft:cod":2,"minecraft:stick":5,"minecraft:dirt":24,"minecraft:spruce_planks":74,"minecraft:mutton":6,"minecraft:wooden_axe":1,"artifacts:antidote_vessel":2,"farmersdelight:minced_beef":6,"tombstone:grave_dust":1,"minecraft:spruce_log":14,"minecraft:iron_axe":2,"minecraft:beef":5,"minecraft:iron_pickaxe":1,"farmersdelight:ham":2,"minecraft:string":2,"minecraft:spruce_sapling":4,"farmersdelight:mutton_chops":6},"minecraft:used":{"minecraft:iron_shovel":180,"minecraft:iron_sword":135,"biomesoplenty:mahogany_log":2,"minecraft:iron_chestplate":1,"minecraft:dirt":133,"minecraft:oak_slab":1,"minecraft:crafting_table":5,"minecraft:azure_bluet":1,"minecraft:spruce_log":7,"minecraft:oak_log":79,"cyclic:flower_lime_carnation":3,"minecraft:wooden_axe":314,"quark:spruce_chest":2,"minecraft:iron_axe":271,"minecraft:bread":56,"minecraft:iron_pickaxe":44,"minecraft:stone_bricks":52,"biomesoplenty:mahogany_sapling":3,"minecraft:wooden_sword":50,"minecraft:furnace":2,"tombstone:gift":2,"minecraft:golden_axe":35},"minecraft:mined":{"farmersdelight:onions":31,"minecraft:glass_pane":2,"biomemakeover:reed":1,"minecraft:brewing_stand":2,"minecraft:crafting_table":2,"biomesoplenty:bush":1,"minecraft:blast_furnace":2,"minecraft:grass_block":149,"biomesoplenty:stripped_mahogany_log":1,"farmersdelight:cabbages":31,"minecraft:tall_grass":2,"farmersdelight:tomatoes":28,"minecraft:spruce_leaves":1,"biomesoplenty:mahogany_sapling":1,"biomesoplenty:huge_clover_petal":5,"minecraft:grindstone":1,"minecraft:large_fern":3,"minecraft:seagrass":1,"minecraft:hay_block":6,"biomesoplenty:jacaranda_log":27,"minecraft:coarse_dirt":1,"biomesoplenty:mahogany_log":229,"minecraft:spruce_log":33,"minecraft:anvil":1,"minecraft:azure_bluet":1,"biomesoplenty:sea_oats":1,"minecraft:grass":31,"biomesoplenty:clover":5,"minecraft:oak_log":213,"minecraft:dirt":20,"farmersdelight:rice_panicles":2,"minecraft:oak_leaves":9,"minecraft:fern":66,"biomemakeover:willow_leaves":1}},"DataVersion":3465}