{"stats":{"minecraft:killed":{"minecraft:trader_llama":1,"minecraft:zombie":1,"minecraft:spider":1},"minecraft:mined":{"minecraft:hay_block":6,"minecraft:glass_pane":2,"minecraft:spruce_log":33,"minecraft:brewing_stand":2,"minecraft:anvil":1,"minecraft:crafting_table":1,"minecraft:azure_bluet":1,"minecraft:grass":1,"minecraft:blast_furnace":2,"biomesoplenty:clover":5,"minecraft:oak_log":5,"biomesoplenty:huge_clover_petal":5,"minecraft:grindstone":1,"minecraft:oak_leaves":2},"minecraft:used":{"minecraft:wooden_axe":39,"minecraft:bread":5,"minecraft:iron_pickaxe":9,"minecraft:wooden_sword":50,"minecraft:oak_slab":1,"minecraft:crafting_table":1,"tombstone:gift":2,"minecraft:azure_bluet":1,"cyclic:flower_lime_carnation":3},"minecraft:dropped":{"tombstone:grave_dust":1,"minecraft:apple":1,"minecraft:spruce_sapling":4},"minecraft:custom":{"minecraft:time_since_rest":11326,"minecraft:interact_with_furnace":2,"minecraft:sprint_one_cm":55023,"minecraft:damage_taken":479,"minecraft:walk_one_cm":67775,"minecraft:mob_kills":4,"minecraft:drop":3,"minecraft:damage_dealt":734,"minecraft:swim_one_cm":929,"minecraft:interact_with_crafting_table":4,"minecraft:fly_one_cm":37062,"minecraft:open_barrel":5,"minecraft:open_chest":21,"minecraft:crouch_one_cm":99,"minecraft:play_time":36042,"tombstone:undead_killed":1,"minecraft:deaths":1,"minecraft:sneak_time":59,"minecraft:walk_under_water_one_cm":325,"minecraft:jump":256,"minecraft:leave_game":2,"minecraft:time_since_death":11609,"minecraft:walk_on_water_one_cm":2411,"minecraft:climb_one_cm":1452,"minecraft:total_world_time":36042,"minecraft:fall_one_cm":2661},"minecraft:picked_up":{"minecraft:oak_slab":1,"minecraft:stick":1,"minecraft:crafting_table":1,"minecraft:azure_bluet":1,"minecraft:anvil":1,"minecraft:lead":1,"minecraft:oak_log":4,"minecraft:spruce_sapling":4,"minecraft:brewing_stand":2,"minecraft:blast_furnace":2,"minecraft:spruce_log":33,"minecraft:spider_eye":1,"cyclic:flower_lime_carnation":3,"blue_skies:ventium_ingot":1,"minecraft:rotten_flesh":4,"hunters_return:boomerang":1,"minecraft:hay_block":6,"minecraft:grindstone":1,"minecraft:oak_sapling":1,"minecraft:cobblestone":1},"minecraft:crafted":{"minecraft:wooden_sword":1,"minecraft:oak_planks":16,"minecraft:crafting_table":1,"minecraft:stick":8,"minecraft:wooden_axe":2}},"DataVersion":3465}