{"stats":{"minecraft:broken":{"minecraft:golden_axe":1,"minecraft:iron_axe":1,"minecraft:stone_axe":6,"minecraft:iron_sword":1,"minecraft:iron_helmet":1,"minecraft:wooden_axe":4},"minecraft:mined":{"create:zinc_ore":9,"farmersdelight:onions":31,"biomemakeover:reed":1,"minecraft:brewing_stand":2,"biomesoplenty:mahogany_door":4,"biomesoplenty:bush":1,"minecraft:grass_block":366,"biomesoplenty:stripped_mahogany_log":47,"farmersdelight:tomatoes":28,"minecraft:spruce_leaves":1,"biomesoplenty:mahogany_sapling":3,"minecraft:large_fern":5,"minecraft:hay_block":6,"biomesoplenty:jacaranda_log":27,"minecraft:anvil":1,"minecraft:azure_bluet":1,"biomesoplenty:sea_oats":1,"minecraft:dirt_path":6,"minecraft:stripped_oak_log":6,"farmersdelight:rice_panicles":2,"minecraft:stone":361,"minecraft:oak_slab":18,"minecraft:glass_pane":2,"minecraft:crafting_table":6,"minecraft:torch":11,"minecraft:blast_furnace":2,"biomesoplenty:mahogany_planks":18,"farmersdelight:cabbages":31,"minecraft:tall_grass":3,"biomesoplenty:huge_clover_petal":5,"minecraft:grindstone":1,"minecraft:oak_planks":6,"minecraft:wall_torch":1,"biomesoplenty:mahogany_trapdoor":9,"minecraft:seagrass":1,"minecraft:coarse_dirt":2,"biomesoplenty:mahogany_log":508,"minecraft:spruce_log":33,"minecraft:stone_brick_stairs":3,"minecraft:grass":48,"biomesoplenty:clover":5,"biomesoplenty:mahogany_stairs":8,"minecraft:oak_log":350,"minecraft:dirt":641,"minecraft:stone_bricks":94,"minecraft:oak_leaves":17,"minecraft:fern":170,"biomemakeover:willow_leaves":1},"minecraft:picked_up":{"minecraft:crafting_table":6,"minecraft:coarse_dirt":2,"minecraft:wheat":1,"minecraft:azure_bluet":1,"minecraft:chicken":1,"minecraft:anvil":1,"minecraft:lead":1,"minecraft:enchanted_book":1,"minecraft:stone_brick_stairs":3,"minecraft:brewing_stand":2,"minecraft:string":17,"minecraft:iron_axe":2,"biomesoplenty:stripped_mahogany_log":47,"cyclic:flower_lime_carnation":3,"farmersdelight:cabbage":50,"hunters_return:boomerang":1,"minecraft:spruce_planks":112,"minecraft:iron_pickaxe":2,"minecraft:melon_slice":9,"minecraft:sugar_cane":12,"farmersdelight:cabbage_seeds":67,"minecraft:stick":124,"farmersdelight:rotten_tomato":1,"minecraft:torch":13,"farmersdelight:tomato_seeds":30,"tombstone:grave_dust":2,"minecraft:arrow":12,"minecraft:stone_shovel":6,"minecraft:rotten_flesh":32,"biomesoplenty:mahogany_sapling":92,"farmersdelight:onion":55,"minecraft:hay_block":6,"biomesoplenty:mahogany_stairs":8,"tombstone:essence_of_undeath":1,"supplementaries:ash":1,"minecraft:cod":2,"minecraft:cobblestone":458,"biomesoplenty:mahogany_trapdoor":9,"minecraft:stripped_oak_log":9,"minecraft:feather":2,"create:raw_zinc":9,"minecraft:oak_log":322,"supplementaries:flax_seeds":3,"farmersdelight:tomato":45,"minecraft:dirt":1141,"tombstone:gift":1,"minecraft:bone":20,"minecraft:apple":17,"minecraft:stone_bricks":96,"minecraft:bow":1,"minecraft:wheat_seeds":80,"minecraft:iron_ingot":2,"minecraft:grindstone":1,"fishofthieves:earthworms":121,"artifacts:antidote_vessel":2,"biomesoplenty:mahogany_planks":17,"minecraft:oak_planks":6,"minecraft:iron_sword":2,"minecraft:oak_slab":17,"minecraft:spruce_sapling":4,"minecraft:blast_furnace":2,"minecraft:grass_block":1,"minecraft:spruce_log":47,"minecraft:spider_eye":8,"minecraft:bundle":1,"biomesoplenty:mahogany_log":458,"blue_skies:ventium_ingot":1,"minecraft:stone_axe":1,"biomesoplenty:mahogany_door":4,"minecraft:emerald":1,"tombstone:magic_scroll":2,"alexsmobs:maggot":2,"biomesoplenty:pink_daffodil":1,"minecraft:oak_sapling":144,"minecraft:ender_pearl":1},"minecraft:dropped":{"minecraft:iron_ingot":1,"biomesoplenty:mahogany_log":4,"minecraft:bread":6,"minecraft:iron_sword":2,"minecraft:wheat_seeds":22,"minecraft:apple":1,"minecraft:cod":2,"minecraft:stick":5,"minecraft:dirt":29,"minecraft:mutton":6,"minecraft:wooden_axe":1,"tombstone:grave_dust":1,"minecraft:iron_axe":2,"minecraft:iron_pickaxe":2,"minecraft:string":5,"minecraft:spruce_sapling":4,"farmersdelight:mutton_chops":6,"biomesoplenty:stripped_mahogany_log":1,"farmersdelight:rotten_tomato":1,"minecraft:stone_axe":2,"minecraft:wheat":2,"farmersdelight:cabbage":18,"minecraft:stone_shovel":9,"minecraft:chicken":1,"minecraft:rotten_flesh":5,"fishofthieves:earthworms":1,"minecraft:spruce_planks":74,"artifacts:antidote_vessel":2,"farmersdelight:minced_beef":6,"minecraft:spider_eye":2,"minecraft:spruce_log":14,"minecraft:beef":5,"farmersdelight:ham":2},"minecraft:crafted":{"minecraft:wooden_sword":1,"minecraft:oak_planks":328,"minecraft:stone_shovel":13,"vanillaplustools:stone_hammer":1,"biomesoplenty:mahogany_planks":360,"minecraft:furnace":2,"minecraft:stone":126,"minecraft:iron_axe":1,"minecraft:stone_pickaxe":9,"biomesoplenty:mahogany_stairs":20,"vanillaplustools:stone_shovel":1,"quark:spruce_chest":2,"minecraft:stone_hoe":1,"minecraft:stone_bricks":124,"minecraft:golden_axe":1,"minecraft:oak_slab":330,"minecraft:crafting_table":5,"minecraft:spruce_planks":76,"minecraft:iron_sword":2,"minecraft:stone_axe":14,"minecraft:bread":12,"minecraft:air":0,"minecraft:stone_brick_stairs":16,"biomesoplenty:mahogany_door":6,"minecraft:stick":36,"quark:oak_chest":4,"minecraft:wooden_axe":7,"biomesoplenty:mahogany_trapdoor":52},"minecraft:custom":{"minecraft:mob_kills":78,"minecraft:interact_with_crafting_table":56,"minecraft:open_barrel":5,"minecraft:leave_game":4,"minecraft:time_since_death":260,"minecraft:climb_one_cm":7827,"minecraft:sprint_one_cm":665231,"minecraft:walk_one_cm":804449,"minecraft:drop":95,"minecraft:play_time":405343,"minecraft:deaths":8,"minecraft:sneak_time":11579,"minecraft:walk_under_water_one_cm":31352,"minecraft:jump":6009,"minecraft:walk_on_water_one_cm":31540,"minecraft:total_world_time":405343,"minecraft:interact_with_furnace":29,"tombstone:raider_killed":1,"minecraft:waystone_activated":1,"minecraft:time_since_rest":44,"minecraft:damage_taken":8299,"minecraft:damage_dealt":14796,"minecraft:swim_one_cm":89788,"minecraft:fly_one_cm":903611,"minecraft:open_chest":114,"minecraft:crouch_one_cm":32635,"tombstone:undead_killed":54,"minecraft:fall_one_cm":175358},"minecraft:killed":{"mca:female_zombie_villager":1,"minecraft:spider":14,"farlanders:fanmade_enderman":1,"minecraft:skeleton":15,"alexsmobs:leafcutter_ant":1,"minecraft:drowned":10,"hunters_return:hunter":1,"minecraft:trader_llama":1,"minecraft:zombie":28,"alexsmobs:fly":3},"minecraft:used":{"biomesoplenty:mahogany_planks":48,"minecraft:iron_shovel":202,"minecraft:stone_shovel":86,"farmersdelight:cabbage":29,"minecraft:iron_sword":458,"vanillaplustools:stone_hammer":57,"minecraft:stone_hoe":81,"minecraft:iron_chestplate":1,"minecraft:torch":11,"minecraft:dirt":1118,"minecraft:azure_bluet":1,"cyclic:flower_lime_carnation":3,"biomesoplenty:mahogany_stairs":19,"minecraft:wooden_axe":355,"farmersdelight:tomato":25,"quark:spruce_chest":2,"minecraft:grass_block":1,"minecraft:iron_axe":271,"minecraft:stone_brick_stairs":15,"minecraft:stone_bricks":165,"biomesoplenty:mahogany_sapling":14,"minecraft:furnace":2,"tombstone:gift":9,"minecraft:golden_axe":35,"minecraft:wheat_seeds":60,"minecraft:oak_planks":78,"biomesoplenty:mahogany_trapdoor":49,"biomesoplenty:mahogany_log":203,"farmersdelight:onion":138,"minecraft:oak_slab":255,"minecraft:crafting_table":10,"vanillaplustools:stone_shovel":93,"biomesoplenty:mahogany_door":9,"minecraft:spruce_log":7,"minecraft:oak_log":187,"minecraft:apple":17,"biomesoplenty:pink_daffodil":1,"minecraft:melon_slice":9,"minecraft:bread":91,"minecraft:iron_pickaxe":93,"minecraft:stone_axe":810,"minecraft:wooden_sword":50,"quark:oak_chest":4,"minecraft:stripped_oak_log":3,"minecraft:coarse_dirt":2}},"DataVersion":3465}