{"stats":{"minecraft:crafted":{"minecraft:wooden_sword":1,"minecraft:oak_planks":16,"minecraft:crafting_table":1,"minecraft:stick":8,"minecraft:wooden_axe":2},"minecraft:custom":{"minecraft:time_since_rest":2837,"minecraft:interact_with_furnace":2,"minecraft:sprint_one_cm":70226,"minecraft:damage_taken":996,"minecraft:walk_one_cm":77849,"minecraft:mob_kills":4,"minecraft:drop":5,"minecraft:damage_dealt":764,"minecraft:fly_one_cm":52324,"minecraft:swim_one_cm":929,"minecraft:interact_with_crafting_table":4,"minecraft:open_barrel":5,"minecraft:open_chest":23,"minecraft:crouch_one_cm":99,"minecraft:play_time":42324,"tombstone:undead_killed":1,"minecraft:deaths":2,"minecraft:sneak_time":59,"minecraft:walk_under_water_one_cm":325,"minecraft:jump":336,"minecraft:leave_game":2,"minecraft:walk_on_water_one_cm":3344,"minecraft:time_since_death":3674,"minecraft:total_world_time":42324,"minecraft:climb_one_cm":1452,"minecraft:fall_one_cm":3497},"minecraft:killed":{"minecraft:trader_llama":1,"minecraft:zombie":1,"minecraft:spider":1},"minecraft:picked_up":{"minecraft:oak_slab":1,"minecraft:stick":1,"minecraft:crafting_table":1,"minecraft:azure_bluet":1,"minecraft:anvil":1,"minecraft:lead":1,"minecraft:oak_log":4,"minecraft:spruce_sapling":4,"minecraft:blast_furnace":2,"minecraft:brewing_stand":2,"minecraft:spruce_log":33,"minecraft:string":2,"minecraft:spider_eye":1,"minecraft:dirt":1,"cyclic:flower_lime_carnation":3,"blue_skies:ventium_ingot":1,"minecraft:rotten_flesh":4,"hunters_return:boomerang":1,"minecraft:hay_block":6,"minecraft:grindstone":1,"minecraft:oak_sapling":1,"minecraft:cobblestone":1},"minecraft:dropped":{"tombstone:grave_dust":1,"minecraft:apple":1,"minecraft:string":2,"minecraft:spruce_sapling":4},"minecraft:mined":{"minecraft:hay_block":6,"minecraft:glass_pane":2,"minecraft:spruce_log":33,"minecraft:brewing_stand":2,"minecraft:anvil":1,"minecraft:crafting_table":1,"minecraft:azure_bluet":1,"minecraft:grass_block":1,"minecraft:grass":1,"minecraft:blast_furnace":2,"biomesoplenty:clover":5,"minecraft:oak_log":5,"minecraft:spruce_leaves":1,"biomesoplenty:huge_clover_petal":5,"minecraft:grindstone":1,"minecraft:oak_leaves":2},"minecraft:used":{"minecraft:wooden_axe":39,"minecraft:bread":6,"minecraft:iron_pickaxe":13,"minecraft:dirt":1,"minecraft:wooden_sword":50,"minecraft:oak_slab":1,"minecraft:crafting_table":1,"tombstone:gift":2,"minecraft:azure_bluet":1,"cyclic:flower_lime_carnation":3}},"DataVersion":3465}