{"stats":{"minecraft:crafted":{"minecraft:wooden_sword":1,"minecraft:oak_planks":16,"minecraft:crafting_table":3,"minecraft:spruce_planks":76,"minecraft:iron_sword":1,"minecraft:bread":12,"minecraft:iron_axe":1,"minecraft:stick":12,"minecraft:wooden_axe":2,"quark:spruce_chest":2},"minecraft:custom":{"minecraft:interact_with_furnace":2,"minecraft:mob_kills":7,"tombstone:raider_killed":1,"minecraft:interact_with_crafting_table":8,"minecraft:open_barrel":5,"minecraft:leave_game":3,"minecraft:time_since_death":14448,"minecraft:climb_one_cm":3036,"minecraft:waystone_activated":1,"minecraft:time_since_rest":13352,"minecraft:sprint_one_cm":294009,"minecraft:damage_taken":2936,"minecraft:walk_one_cm":190774,"minecraft:drop":33,"minecraft:damage_dealt":1721,"minecraft:swim_one_cm":28972,"minecraft:fly_one_cm":434525,"minecraft:open_chest":48,"minecraft:crouch_one_cm":246,"minecraft:play_time":112402,"tombstone:undead_killed":2,"minecraft:deaths":4,"minecraft:sneak_time":166,"minecraft:walk_under_water_one_cm":1914,"minecraft:jump":2095,"minecraft:walk_on_water_one_cm":12446,"minecraft:total_world_time":112402,"minecraft:fall_one_cm":58196},"minecraft:killed":{"hunters_return:hunter":1,"minecraft:spider":2,"minecraft:trader_llama":1,"minecraft:zombie":2},"minecraft:picked_up":{"minecraft:crafting_table":1,"minecraft:wheat":1,"minecraft:azure_bluet":1,"minecraft:feather":2,"minecraft:chicken":1,"minecraft:anvil":1,"minecraft:lead":1,"minecraft:oak_log":4,"minecraft:brewing_stand":2,"farmersdelight:tomato":45,"minecraft:dirt":49,"minecraft:string":2,"cyclic:flower_lime_carnation":3,"minecraft:wheat_seeds":1,"farmersdelight:cabbage":32,"hunters_return:boomerang":1,"minecraft:spruce_planks":112,"minecraft:grindstone":1,"minecraft:iron_pickaxe":1,"artifacts:antidote_vessel":2,"minecraft:sugar_cane":12,"minecraft:iron_sword":1,"farmersdelight:cabbage_seeds":63,"minecraft:oak_slab":1,"minecraft:stick":25,"farmersdelight:rotten_tomato":1,"farmersdelight:tomato_seeds":30,"minecraft:spruce_sapling":4,"minecraft:blast_furnace":2,"minecraft:spruce_log":47,"minecraft:spider_eye":1,"biomesoplenty:mahogany_log":193,"minecraft:rotten_flesh":4,"blue_skies:ventium_ingot":1,"biomesoplenty:mahogany_sapling":37,"farmersdelight:onion":55,"minecraft:hay_block":6,"minecraft:emerald":1,"minecraft:oak_sapling":1,"minecraft:cod":2,"minecraft:cobblestone":1},"minecraft:dropped":{"biomesoplenty:mahogany_log":2,"minecraft:iron_sword":1,"farmersdelight:rotten_tomato":1,"minecraft:iron_ingot":1,"minecraft:bread":6,"minecraft:wheat":2,"minecraft:chicken":1,"minecraft:apple":1,"minecraft:cod":2,"minecraft:stick":5,"minecraft:dirt":22,"minecraft:spruce_planks":74,"minecraft:mutton":6,"minecraft:wooden_axe":1,"artifacts:antidote_vessel":2,"farmersdelight:minced_beef":6,"tombstone:grave_dust":1,"minecraft:spruce_log":14,"minecraft:beef":5,"minecraft:iron_pickaxe":1,"farmersdelight:ham":2,"minecraft:string":2,"minecraft:spruce_sapling":4,"farmersdelight:mutton_chops":6},"minecraft:used":{"minecraft:iron_shovel":14,"minecraft:iron_sword":85,"minecraft:iron_chestplate":1,"minecraft:dirt":13,"minecraft:oak_slab":1,"minecraft:crafting_table":3,"minecraft:azure_bluet":1,"minecraft:spruce_log":7,"cyclic:flower_lime_carnation":3,"minecraft:wooden_axe":43,"quark:spruce_chest":2,"minecraft:iron_axe":253,"minecraft:bread":40,"minecraft:iron_pickaxe":44,"minecraft:wooden_sword":50,"tombstone:gift":2},"minecraft:mined":{"farmersdelight:onions":31,"minecraft:glass_pane":2,"biomemakeover:reed":1,"minecraft:brewing_stand":2,"minecraft:crafting_table":1,"biomesoplenty:bush":1,"minecraft:blast_furnace":2,"minecraft:grass_block":7,"farmersdelight:cabbages":31,"minecraft:tall_grass":2,"farmersdelight:tomatoes":28,"minecraft:spruce_leaves":1,"biomesoplenty:huge_clover_petal":5,"minecraft:grindstone":1,"minecraft:large_fern":3,"minecraft:seagrass":1,"minecraft:hay_block":6,"biomesoplenty:jacaranda_log":27,"biomesoplenty:mahogany_log":206,"minecraft:spruce_log":33,"minecraft:anvil":1,"minecraft:azure_bluet":1,"biomesoplenty:sea_oats":1,"minecraft:grass":18,"biomesoplenty:clover":5,"minecraft:oak_log":5,"minecraft:dirt":9,"farmersdelight:rice_panicles":2,"minecraft:oak_leaves":7,"minecraft:fern":28,"biomemakeover:willow_leaves":1}},"DataVersion":3465}