{"stats":{"minecraft:broken":{"minecraft:golden_axe":1,"minecraft:iron_axe":1,"minecraft:wooden_axe":4},"minecraft:mined":{"create:zinc_ore":9,"farmersdelight:onions":31,"biomemakeover:reed":1,"minecraft:brewing_stand":2,"biomesoplenty:mahogany_door":2,"biomesoplenty:bush":1,"minecraft:grass_block":239,"biomesoplenty:stripped_mahogany_log":1,"farmersdelight:tomatoes":28,"minecraft:spruce_leaves":1,"biomesoplenty:mahogany_sapling":1,"minecraft:large_fern":3,"minecraft:hay_block":6,"biomesoplenty:jacaranda_log":27,"minecraft:anvil":1,"minecraft:azure_bluet":1,"biomesoplenty:sea_oats":1,"minecraft:dirt_path":6,"farmersdelight:rice_panicles":2,"minecraft:stone":361,"minecraft:oak_slab":18,"minecraft:glass_pane":2,"minecraft:crafting_table":3,"minecraft:torch":8,"minecraft:blast_furnace":2,"farmersdelight:cabbages":31,"minecraft:tall_grass":2,"biomesoplenty:huge_clover_petal":5,"minecraft:grindstone":1,"minecraft:oak_planks":6,"minecraft:wall_torch":1,"minecraft:seagrass":1,"minecraft:coarse_dirt":2,"biomesoplenty:mahogany_log":229,"minecraft:spruce_log":33,"minecraft:stone_brick_stairs":3,"minecraft:grass":39,"biomesoplenty:clover":5,"minecraft:oak_log":217,"minecraft:dirt":477,"minecraft:stone_bricks":94,"minecraft:oak_leaves":15,"minecraft:fern":148,"biomemakeover:willow_leaves":1},"minecraft:picked_up":{"minecraft:crafting_table":3,"minecraft:coarse_dirt":2,"minecraft:wheat":1,"minecraft:azure_bluet":1,"minecraft:chicken":1,"minecraft:anvil":1,"minecraft:lead":1,"minecraft:stone_brick_stairs":3,"minecraft:brewing_stand":2,"minecraft:string":9,"minecraft:iron_axe":2,"biomesoplenty:stripped_mahogany_log":1,"cyclic:flower_lime_carnation":3,"farmersdelight:cabbage":32,"hunters_return:boomerang":1,"minecraft:spruce_planks":112,"minecraft:iron_pickaxe":1,"minecraft:melon_slice":9,"minecraft:sugar_cane":12,"farmersdelight:cabbage_seeds":67,"minecraft:stick":79,"farmersdelight:rotten_tomato":1,"minecraft:torch":10,"farmersdelight:tomato_seeds":30,"tombstone:grave_dust":1,"minecraft:arrow":8,"minecraft:stone_shovel":5,"minecraft:rotten_flesh":27,"biomesoplenty:mahogany_sapling":44,"farmersdelight:onion":55,"minecraft:hay_block":6,"minecraft:cod":2,"minecraft:cobblestone":458,"minecraft:feather":2,"create:raw_zinc":9,"minecraft:oak_log":193,"supplementaries:flax_seeds":3,"farmersdelight:tomato":45,"minecraft:dirt":804,"minecraft:bone":12,"minecraft:apple":13,"minecraft:stone_bricks":96,"minecraft:wheat_seeds":65,"minecraft:grindstone":1,"fishofthieves:earthworms":84,"artifacts:antidote_vessel":2,"minecraft:oak_planks":6,"minecraft:iron_sword":1,"minecraft:oak_slab":17,"minecraft:spruce_sapling":4,"minecraft:blast_furnace":2,"minecraft:grass_block":1,"minecraft:spruce_log":47,"minecraft:spider_eye":5,"minecraft:bundle":1,"biomesoplenty:mahogany_log":228,"blue_skies:ventium_ingot":1,"biomesoplenty:mahogany_door":2,"minecraft:emerald":1,"tombstone:magic_scroll":2,"alexsmobs:maggot":2,"biomesoplenty:pink_daffodil":1,"minecraft:oak_sapling":98,"minecraft:ender_pearl":1},"minecraft:dropped":{"minecraft:iron_ingot":1,"biomesoplenty:mahogany_log":4,"minecraft:bread":6,"minecraft:iron_sword":1,"minecraft:wheat_seeds":22,"minecraft:apple":1,"minecraft:cod":2,"minecraft:stick":5,"minecraft:dirt":28,"minecraft:mutton":6,"minecraft:wooden_axe":1,"tombstone:grave_dust":1,"minecraft:iron_axe":2,"minecraft:iron_pickaxe":1,"minecraft:string":3,"minecraft:spruce_sapling":4,"farmersdelight:mutton_chops":6,"biomesoplenty:stripped_mahogany_log":1,"farmersdelight:rotten_tomato":1,"minecraft:wheat":2,"minecraft:stone_shovel":8,"minecraft:chicken":1,"minecraft:rotten_flesh":4,"minecraft:spruce_planks":74,"artifacts:antidote_vessel":2,"farmersdelight:minced_beef":6,"minecraft:spruce_log":14,"minecraft:beef":5,"farmersdelight:ham":2},"minecraft:crafted":{"minecraft:wooden_sword":1,"minecraft:oak_planks":328,"minecraft:stone_shovel":12,"vanillaplustools:stone_hammer":1,"biomesoplenty:mahogany_planks":192,"minecraft:furnace":2,"minecraft:stone":126,"minecraft:iron_axe":1,"minecraft:stone_pickaxe":9,"vanillaplustools:stone_shovel":1,"quark:spruce_chest":2,"minecraft:stone_bricks":124,"minecraft:golden_axe":1,"minecraft:oak_slab":330,"minecraft:crafting_table":5,"minecraft:spruce_planks":76,"minecraft:iron_sword":1,"minecraft:stone_axe":9,"minecraft:bread":12,"minecraft:air":0,"minecraft:stone_brick_stairs":16,"biomesoplenty:mahogany_door":3,"minecraft:stick":36,"quark:oak_chest":4,"minecraft:wooden_axe":7,"biomesoplenty:mahogany_trapdoor":6},"minecraft:killed":{"minecraft:spider":10,"farlanders:fanmade_enderman":1,"minecraft:skeleton":10,"alexsmobs:leafcutter_ant":1,"minecraft:drowned":9,"hunters_return:hunter":1,"minecraft:trader_llama":1,"minecraft:zombie":15,"alexsmobs:fly":3},"minecraft:used":{"minecraft:iron_shovel":202,"minecraft:stone_shovel":14,"minecraft:iron_sword":315,"vanillaplustools:stone_hammer":57,"minecraft:iron_chestplate":1,"minecraft:torch":1,"minecraft:dirt":761,"minecraft:azure_bluet":1,"cyclic:flower_lime_carnation":3,"minecraft:wooden_axe":355,"farmersdelight:tomato":4,"quark:spruce_chest":2,"minecraft:grass_block":1,"minecraft:iron_axe":271,"minecraft:stone_brick_stairs":15,"minecraft:stone_bricks":165,"biomesoplenty:mahogany_sapling":3,"minecraft:furnace":2,"tombstone:gift":4,"minecraft:golden_axe":35,"minecraft:oak_planks":78,"biomesoplenty:mahogany_trapdoor":5,"biomesoplenty:mahogany_log":6,"farmersdelight:onion":82,"minecraft:oak_slab":255,"minecraft:crafting_table":6,"vanillaplustools:stone_shovel":61,"biomesoplenty:mahogany_door":4,"minecraft:spruce_log":7,"minecraft:oak_log":110,"biomesoplenty:pink_daffodil":1,"minecraft:bread":91,"minecraft:iron_pickaxe":93,"minecraft:stone_axe":16,"minecraft:wooden_sword":50,"quark:oak_chest":4,"minecraft:coarse_dirt":2},"minecraft:custom":{"minecraft:mob_kills":53,"minecraft:interact_with_crafting_table":41,"minecraft:open_barrel":5,"minecraft:leave_game":4,"minecraft:time_since_death":211389,"minecraft:climb_one_cm":6043,"minecraft:sprint_one_cm":524737,"minecraft:walk_one_cm":582652,"minecraft:drop":65,"minecraft:play_time":309343,"minecraft:deaths":4,"minecraft:sneak_time":10791,"minecraft:walk_under_water_one_cm":30034,"minecraft:jump":4693,"minecraft:walk_on_water_one_cm":24801,"minecraft:total_world_time":309343,"minecraft:interact_with_furnace":27,"tombstone:raider_killed":1,"minecraft:waystone_activated":1,"minecraft:time_since_rest":210293,"minecraft:damage_taken":5655,"minecraft:damage_dealt":9823,"minecraft:swim_one_cm":75489,"minecraft:fly_one_cm":744815,"minecraft:open_chest":89,"minecraft:crouch_one_cm":30156,"tombstone:undead_killed":34,"minecraft:fall_one_cm":131369}},"DataVersion":3465}