{"stats":{"minecraft:crafted":{"minecraft:wooden_sword":1,"minecraft:oak_planks":16,"minecraft:crafting_table":2,"minecraft:spruce_planks":12,"minecraft:iron_sword":1,"minecraft:bread":12,"minecraft:iron_axe":1,"minecraft:stick":12,"minecraft:wooden_axe":2},"minecraft:custom":{"minecraft:interact_with_furnace":2,"minecraft:mob_kills":5,"tombstone:raider_killed":1,"minecraft:interact_with_crafting_table":6,"minecraft:open_barrel":5,"minecraft:leave_game":3,"minecraft:time_since_death":37752,"minecraft:climb_one_cm":1853,"minecraft:time_since_rest":36915,"minecraft:sprint_one_cm":211870,"minecraft:damage_taken":2111,"minecraft:walk_one_cm":142927,"minecraft:drop":27,"minecraft:damage_dealt":1033,"minecraft:swim_one_cm":18921,"minecraft:fly_one_cm":273375,"minecraft:open_chest":46,"minecraft:crouch_one_cm":110,"minecraft:play_time":76402,"tombstone:undead_killed":1,"minecraft:deaths":2,"minecraft:sneak_time":101,"minecraft:walk_under_water_one_cm":841,"minecraft:jump":1331,"minecraft:walk_on_water_one_cm":8000,"minecraft:total_world_time":76402,"minecraft:fall_one_cm":31946},"minecraft:killed":{"hunters_return:hunter":1,"minecraft:spider":1,"minecraft:trader_llama":1,"minecraft:zombie":1},"minecraft:picked_up":{"minecraft:crafting_table":1,"minecraft:wheat":1,"minecraft:azure_bluet":1,"minecraft:feather":2,"minecraft:chicken":1,"minecraft:anvil":1,"minecraft:lead":1,"minecraft:oak_log":4,"minecraft:brewing_stand":2,"farmersdelight:tomato":45,"minecraft:dirt":1,"minecraft:string":2,"cyclic:flower_lime_carnation":3,"farmersdelight:cabbage":32,"hunters_return:boomerang":1,"minecraft:spruce_planks":8,"minecraft:grindstone":1,"minecraft:iron_pickaxe":1,"artifacts:antidote_vessel":2,"minecraft:sugar_cane":12,"minecraft:iron_sword":1,"farmersdelight:cabbage_seeds":63,"minecraft:oak_slab":1,"minecraft:stick":5,"farmersdelight:rotten_tomato":1,"farmersdelight:tomato_seeds":30,"minecraft:spruce_sapling":4,"minecraft:blast_furnace":2,"minecraft:spruce_log":33,"minecraft:spider_eye":1,"minecraft:rotten_flesh":4,"blue_skies:ventium_ingot":1,"farmersdelight:onion":55,"minecraft:hay_block":6,"minecraft:emerald":1,"minecraft:oak_sapling":1,"minecraft:cod":2,"minecraft:cobblestone":1},"minecraft:dropped":{"minecraft:iron_sword":1,"farmersdelight:rotten_tomato":1,"minecraft:iron_ingot":1,"minecraft:bread":6,"minecraft:wheat":2,"minecraft:chicken":1,"minecraft:apple":1,"minecraft:cod":2,"minecraft:stick":5,"minecraft:spruce_planks":14,"minecraft:mutton":6,"minecraft:wooden_axe":1,"artifacts:antidote_vessel":2,"farmersdelight:minced_beef":6,"tombstone:grave_dust":1,"minecraft:beef":5,"minecraft:iron_pickaxe":1,"farmersdelight:ham":2,"minecraft:string":2,"minecraft:spruce_sapling":4,"farmersdelight:mutton_chops":6},"minecraft:used":{"minecraft:iron_shovel":1,"minecraft:iron_sword":47,"minecraft:iron_chestplate":1,"minecraft:dirt":1,"minecraft:oak_slab":1,"minecraft:crafting_table":2,"minecraft:azure_bluet":1,"minecraft:spruce_log":6,"cyclic:flower_lime_carnation":3,"minecraft:wooden_axe":43,"minecraft:iron_axe":31,"minecraft:bread":30,"minecraft:iron_pickaxe":44,"minecraft:wooden_sword":50,"tombstone:gift":2},"minecraft:mined":{"farmersdelight:onions":31,"minecraft:glass_pane":2,"biomemakeover:reed":1,"minecraft:brewing_stand":2,"minecraft:crafting_table":1,"biomesoplenty:bush":1,"minecraft:blast_furnace":2,"minecraft:grass_block":1,"farmersdelight:cabbages":31,"farmersdelight:tomatoes":28,"minecraft:spruce_leaves":1,"biomesoplenty:huge_clover_petal":5,"minecraft:grindstone":1,"minecraft:seagrass":1,"minecraft:hay_block":6,"biomesoplenty:jacaranda_log":27,"minecraft:spruce_log":33,"minecraft:anvil":1,"minecraft:azure_bluet":1,"biomesoplenty:sea_oats":1,"minecraft:grass":14,"biomesoplenty:clover":5,"minecraft:oak_log":5,"farmersdelight:rice_panicles":2,"minecraft:oak_leaves":2,"biomemakeover:willow_leaves":1}},"DataVersion":3465}