{"stats":{"minecraft:broken":{"minecraft:golden_axe":1,"minecraft:iron_axe":1,"minecraft:wooden_axe":4},"minecraft:mined":{"create:zinc_ore":9,"farmersdelight:onions":31,"biomemakeover:reed":1,"minecraft:brewing_stand":2,"biomesoplenty:bush":1,"minecraft:grass_block":173,"biomesoplenty:stripped_mahogany_log":1,"farmersdelight:tomatoes":28,"minecraft:spruce_leaves":1,"biomesoplenty:mahogany_sapling":1,"minecraft:large_fern":3,"minecraft:hay_block":6,"biomesoplenty:jacaranda_log":27,"minecraft:anvil":1,"minecraft:azure_bluet":1,"biomesoplenty:sea_oats":1,"farmersdelight:rice_panicles":2,"minecraft:stone":361,"minecraft:oak_slab":17,"minecraft:glass_pane":2,"minecraft:crafting_table":3,"minecraft:blast_furnace":2,"farmersdelight:cabbages":31,"minecraft:tall_grass":2,"biomesoplenty:huge_clover_petal":5,"minecraft:grindstone":1,"minecraft:seagrass":1,"minecraft:coarse_dirt":1,"biomesoplenty:mahogany_log":229,"minecraft:spruce_log":33,"minecraft:grass":34,"biomesoplenty:clover":5,"minecraft:oak_log":216,"minecraft:dirt":42,"minecraft:oak_leaves":15,"minecraft:fern":71,"biomemakeover:willow_leaves":1},"minecraft:picked_up":{"minecraft:crafting_table":3,"minecraft:coarse_dirt":1,"minecraft:wheat":1,"minecraft:azure_bluet":1,"minecraft:chicken":1,"minecraft:anvil":1,"minecraft:lead":1,"minecraft:brewing_stand":2,"minecraft:string":4,"minecraft:iron_axe":2,"biomesoplenty:stripped_mahogany_log":1,"cyclic:flower_lime_carnation":3,"farmersdelight:cabbage":32,"hunters_return:boomerang":1,"minecraft:spruce_planks":112,"minecraft:iron_pickaxe":1,"minecraft:sugar_cane":12,"farmersdelight:cabbage_seeds":63,"minecraft:stick":79,"farmersdelight:rotten_tomato":1,"farmersdelight:tomato_seeds":30,"tombstone:grave_dust":1,"minecraft:arrow":1,"minecraft:rotten_flesh":8,"biomesoplenty:mahogany_sapling":44,"farmersdelight:onion":55,"minecraft:hay_block":6,"minecraft:cod":2,"minecraft:cobblestone":458,"minecraft:feather":2,"create:raw_zinc":9,"minecraft:oak_log":192,"farmersdelight:tomato":45,"minecraft:dirt":301,"minecraft:apple":13,"minecraft:wheat_seeds":31,"minecraft:grindstone":1,"fishofthieves:earthworms":38,"artifacts:antidote_vessel":2,"minecraft:iron_sword":1,"minecraft:oak_slab":16,"minecraft:spruce_sapling":4,"minecraft:blast_furnace":2,"minecraft:spruce_log":47,"minecraft:spider_eye":4,"biomesoplenty:mahogany_log":226,"blue_skies:ventium_ingot":1,"minecraft:emerald":1,"alexsmobs:maggot":2,"minecraft:oak_sapling":98,"minecraft:ender_pearl":1},"minecraft:dropped":{"minecraft:iron_ingot":1,"biomesoplenty:mahogany_log":2,"minecraft:bread":6,"minecraft:iron_sword":1,"minecraft:apple":1,"minecraft:cod":2,"minecraft:stick":5,"minecraft:dirt":24,"minecraft:mutton":6,"minecraft:wooden_axe":1,"tombstone:grave_dust":1,"minecraft:iron_axe":2,"minecraft:iron_pickaxe":1,"minecraft:string":2,"minecraft:spruce_sapling":4,"farmersdelight:mutton_chops":6,"farmersdelight:rotten_tomato":1,"minecraft:wheat":2,"minecraft:chicken":1,"minecraft:rotten_flesh":1,"minecraft:spruce_planks":74,"artifacts:antidote_vessel":2,"farmersdelight:minced_beef":6,"minecraft:spruce_log":14,"minecraft:beef":5,"farmersdelight:ham":2},"minecraft:crafted":{"minecraft:wooden_sword":1,"minecraft:oak_planks":184,"vanillaplustools:stone_hammer":1,"biomesoplenty:mahogany_planks":192,"minecraft:furnace":2,"minecraft:stone":54,"minecraft:iron_axe":1,"minecraft:stone_pickaxe":9,"quark:spruce_chest":2,"minecraft:stone_bricks":52,"minecraft:golden_axe":1,"minecraft:oak_slab":330,"minecraft:crafting_table":5,"minecraft:spruce_planks":76,"minecraft:iron_sword":1,"minecraft:bread":12,"minecraft:air":0,"minecraft:stick":20,"minecraft:wooden_axe":7},"minecraft:killed":{"minecraft:spider":6,"farlanders:fanmade_enderman":1,"minecraft:skeleton":1,"hunters_return:hunter":1,"minecraft:trader_llama":1,"minecraft:zombie":6,"alexsmobs:fly":2},"minecraft:used":{"minecraft:iron_shovel":198,"minecraft:iron_sword":152,"vanillaplustools:stone_hammer":44,"minecraft:iron_chestplate":1,"minecraft:dirt":156,"minecraft:azure_bluet":1,"cyclic:flower_lime_carnation":3,"minecraft:wooden_axe":354,"quark:spruce_chest":2,"minecraft:iron_axe":271,"minecraft:stone_bricks":52,"biomesoplenty:mahogany_sapling":3,"minecraft:furnace":2,"tombstone:gift":2,"minecraft:golden_axe":35,"biomesoplenty:mahogany_log":2,"minecraft:oak_slab":238,"minecraft:crafting_table":6,"minecraft:spruce_log":7,"minecraft:oak_log":101,"minecraft:bread":64,"minecraft:iron_pickaxe":59,"minecraft:wooden_sword":50},"minecraft:custom":{"minecraft:mob_kills":19,"minecraft:interact_with_crafting_table":24,"minecraft:open_barrel":5,"minecraft:leave_game":4,"minecraft:time_since_death":109389,"minecraft:climb_one_cm":4460,"minecraft:sprint_one_cm":408085,"minecraft:walk_one_cm":382473,"minecraft:drop":38,"minecraft:play_time":207343,"minecraft:deaths":4,"minecraft:sneak_time":4849,"minecraft:walk_under_water_one_cm":4282,"minecraft:jump":3500,"minecraft:walk_on_water_one_cm":15862,"minecraft:total_world_time":207343,"minecraft:interact_with_furnace":14,"tombstone:raider_killed":1,"minecraft:waystone_activated":1,"minecraft:time_since_rest":108293,"minecraft:damage_taken":3926,"minecraft:damage_dealt":3758,"minecraft:swim_one_cm":56268,"minecraft:fly_one_cm":567947,"minecraft:open_chest":64,"minecraft:crouch_one_cm":10743,"tombstone:undead_killed":7,"minecraft:fall_one_cm":103121}},"DataVersion":3465}