{"stats":{"minecraft:crafted":{"minecraft:wooden_sword":1,"minecraft:oak_planks":16,"minecraft:crafting_table":1,"minecraft:bread":12,"minecraft:stick":8,"minecraft:wooden_axe":2},"minecraft:custom":{"minecraft:interact_with_furnace":2,"minecraft:mob_kills":5,"tombstone:raider_killed":1,"minecraft:interact_with_crafting_table":5,"minecraft:open_barrel":5,"minecraft:leave_game":2,"minecraft:time_since_death":15674,"minecraft:climb_one_cm":1853,"minecraft:time_since_rest":14837,"minecraft:sprint_one_cm":126480,"minecraft:damage_taken":1467,"minecraft:walk_one_cm":101662,"minecraft:drop":13,"minecraft:damage_dealt":913,"minecraft:swim_one_cm":3595,"minecraft:fly_one_cm":120749,"minecraft:open_chest":33,"minecraft:crouch_one_cm":110,"minecraft:play_time":54324,"tombstone:undead_killed":1,"minecraft:deaths":2,"minecraft:sneak_time":101,"minecraft:walk_under_water_one_cm":325,"minecraft:jump":640,"minecraft:walk_on_water_one_cm":5516,"minecraft:total_world_time":54324,"minecraft:fall_one_cm":8270},"minecraft:killed":{"hunters_return:hunter":1,"minecraft:spider":1,"minecraft:trader_llama":1,"minecraft:zombie":1},"minecraft:picked_up":{"minecraft:wheat":1,"minecraft:crafting_table":1,"minecraft:azure_bluet":1,"minecraft:anvil":1,"minecraft:lead":1,"minecraft:oak_log":4,"minecraft:brewing_stand":2,"minecraft:dirt":1,"minecraft:string":2,"cyclic:flower_lime_carnation":3,"hunters_return:boomerang":1,"minecraft:grindstone":1,"minecraft:iron_pickaxe":1,"artifacts:antidote_vessel":2,"minecraft:sugar_cane":12,"minecraft:oak_slab":1,"minecraft:stick":1,"minecraft:spruce_sapling":4,"minecraft:blast_furnace":2,"minecraft:spruce_log":33,"minecraft:spider_eye":1,"minecraft:rotten_flesh":4,"blue_skies:ventium_ingot":1,"minecraft:hay_block":6,"minecraft:emerald":1,"minecraft:oak_sapling":1,"minecraft:cod":2,"minecraft:cobblestone":1},"minecraft:dropped":{"minecraft:bread":6,"minecraft:wheat":2,"minecraft:apple":1,"minecraft:cod":2,"minecraft:wooden_axe":1,"artifacts:antidote_vessel":2,"tombstone:grave_dust":1,"minecraft:iron_pickaxe":1,"minecraft:string":2,"minecraft:spruce_sapling":4},"minecraft:used":{"minecraft:iron_chestplate":1,"minecraft:dirt":1,"minecraft:oak_slab":1,"minecraft:crafting_table":1,"minecraft:azure_bluet":1,"cyclic:flower_lime_carnation":3,"minecraft:wooden_axe":43,"minecraft:bread":16,"minecraft:iron_pickaxe":27,"minecraft:wooden_sword":50,"tombstone:gift":2},"minecraft:mined":{"minecraft:glass_pane":2,"biomemakeover:reed":1,"minecraft:brewing_stand":2,"minecraft:crafting_table":1,"minecraft:blast_furnace":2,"minecraft:grass_block":1,"minecraft:spruce_leaves":1,"biomesoplenty:huge_clover_petal":5,"minecraft:grindstone":1,"minecraft:seagrass":1,"minecraft:hay_block":6,"minecraft:spruce_log":33,"minecraft:anvil":1,"minecraft:azure_bluet":1,"minecraft:grass":4,"biomesoplenty:clover":5,"minecraft:oak_log":5,"minecraft:oak_leaves":2,"biomemakeover:willow_leaves":1}},"DataVersion":3465}