{"stats":{"minecraft:picked_up":{"minecraft:crafting_table":14,"minecraft:coarse_dirt":2,"minecraft:wheat":64,"minecraft:azure_bluet":1,"minecraft:chicken":1,"minecraft:anvil":2,"minecraft:lead":1,"minecraft:enchanted_book":10,"minecraft:stone_brick_stairs":3,"tombstone:scroll_of_preservation":1,"minecraft:brewing_stand":2,"minecraft:string":33,"minecraft:iron_axe":2,"biomesoplenty:stripped_mahogany_log":47,"cyclic:flower_lime_carnation":3,"quark:spruce_chest":1,"farmersdelight:cabbage":50,"hunters_return:boomerang":2,"minecraft:spruce_planks":156,"minecraft:iron_pickaxe":2,"minecraft:spruce_slab":2,"minecraft:melon_slice":9,"minecraft:sugar_cane":74,"farmersdelight:cabbage_seeds":128,"minecraft:furnace":1,"minecraft:stick":144,"farmersdelight:rotten_tomato":1,"minecraft:copper_ingot":3,"minecraft:torch":13,"farmersdelight:tomato_seeds":66,"tombstone:grave_dust":8,"minecraft:stone_shovel":6,"minecraft:arrow":16,"minecraft:rotten_flesh":51,"farmersdelight:onion":56,"biomesoplenty:mahogany_sapling":133,"minecraft:hay_block":6,"biomesoplenty:mahogany_stairs":8,"tombstone:essence_of_undeath":2,"minecraft:saddle":1,"minecraft:gold_ingot":18,"supplementaries:ash":1,"minecraft:cod":2,"minecraft:cobblestone":485,"biomesoplenty:mahogany_trapdoor":9,"minecraft:stripped_oak_log":11,"minecraft:feather":2,"minecraft:jungle_log":1,"create:raw_zinc":18,"minecraft:oak_log":324,"supplementaries:flax_seeds":6,"farlanders:looter_hood":1,"farmersdelight:flint_knife":1,"minecraft:lapis_lazuli":9,"farmersdelight:tomato":46,"minecraft:dirt":1187,"biomesoplenty:mahogany_slab":4,"tombstone:gift":1,"minecraft:bone":24,"farmersdelight:iron_knife":1,"minecraft:apple":17,"minecraft:stone_bricks":103,"minecraft:bow":3,"minecraft:wheat_seeds":264,"minecraft:grindstone":1,"minecraft:iron_ingot":2,"tombstone:tablet_of_guard":1,"fishofthieves:earthworms":176,"artifacts:antidote_vessel":4,"minecraft:oak_planks":6,"minecraft:iron_sword":4,"biomesoplenty:mahogany_planks":23,"minecraft:oak_slab":17,"adchimneys:stone_chimney":8,"minecraft:stone_brick_slab":13,"alexscaves:uranium":4,"minecraft:spruce_sapling":4,"minecraft:blast_furnace":2,"minecraft:spruce_log":54,"minecraft:grass_block":1,"minecraft:spider_eye":13,"minecraft:bundle":1,"biomesoplenty:mahogany_log":481,"blue_skies:ventium_ingot":1,"minecraft:diamond":2,"biomesoplenty:mahogany_door":4,"minecraft:stone_axe":1,"minecraft:writable_book":1,"minecraft:golden_apple":1,"minecraft:golden_horse_armor":1,"minecraft:emerald":23,"alexsmobs:maggot":4,"biomesoplenty:pink_daffodil":2,"tombstone:magic_scroll":2,"minecraft:oak_sapling":340,"minecraft:ender_pearl":2},"minecraft:custom":{"minecraft:mob_kills":99,"minecraft:interact_with_crafting_table":100,"minecraft:open_barrel":5,"minecraft:leave_game":5,"minecraft:time_since_death":100321,"minecraft:climb_one_cm":8871,"minecraft:sprint_one_cm":775616,"minecraft:walk_one_cm":1049677,"minecraft:drop":105,"minecraft:play_time":505404,"minecraft:sneak_time":15486,"minecraft:deaths":8,"minecraft:walk_under_water_one_cm":35609,"minecraft:jump":6941,"minecraft:walk_on_water_one_cm":34633,"minecraft:total_world_time":505404,"minecraft:interact_with_furnace":41,"tombstone:raider_killed":1,"minecraft:waystone_activated":1,"minecraft:time_since_rest":100105,"minecraft:damage_taken":9277,"minecraft:damage_dealt":18179,"minecraft:swim_one_cm":93781,"minecraft:fly_one_cm":1008602,"minecraft:open_chest":193,"minecraft:crouch_one_cm":43639,"tombstone:undead_killed":68,"minecraft:fall_one_cm":202482},"minecraft:dropped":{"minecraft:bread":8,"biomesoplenty:mahogany_log":4,"minecraft:iron_ingot":1,"minecraft:iron_sword":3,"minecraft:wheat_seeds":24,"minecraft:apple":1,"biomesoplenty:mahogany_door":1,"minecraft:cod":2,"minecraft:stick":5,"minecraft:dirt":44,"minecraft:mutton":6,"minecraft:wooden_axe":1,"tombstone:grave_dust":1,"adchimneys:stone_chimney":1,"minecraft:iron_axe":2,"minecraft:iron_pickaxe":2,"minecraft:string":5,"minecraft:spruce_sapling":4,"farmersdelight:mutton_chops":6,"biomesoplenty:stripped_mahogany_log":1,"farmersdelight:rotten_tomato":1,"minecraft:stone_axe":2,"minecraft:wheat":2,"minecraft:stone_shovel":9,"farmersdelight:cabbage":18,"minecraft:chicken":1,"minecraft:rotten_flesh":5,"fishofthieves:earthworms":1,"minecraft:spruce_planks":74,"artifacts:antidote_vessel":2,"farmersdelight:minced_beef":6,"minecraft:spider_eye":2,"minecraft:spruce_slab":5,"minecraft:spruce_log":14,"minecraft:beef":5,"farmersdelight:ham":2,"farmersdelight:tomato":1},"minecraft:broken":{"minecraft:iron_chestplate":1,"minecraft:stone_hoe":2,"minecraft:golden_axe":1,"minecraft:iron_axe":1,"minecraft:stone_axe":6,"minecraft:iron_sword":1,"minecraft:iron_helmet":1,"minecraft:wooden_axe":4},"minecraft:crafted":{"minecraft:wooden_sword":1,"minecraft:oak_planks":340,"minecraft:stone_shovel":13,"vanillaplustools:stone_hammer":1,"biomesoplenty:mahogany_planks":408,"minecraft:furnace":2,"minecraft:stone":214,"minecraft:bone_meal":3,"biomesoplenty:mahogany_slab":150,"minecraft:oak_trapdoor":4,"minecraft:stone_brick_slab":102,"moreusefulcopper:copper_bucket":1,"minecraft:iron_axe":1,"minecraft:spruce_slab":6,"mcwfencesbop:mahogany_stockade_fence":12,"adchimneys:stone_chimney":8,"minecraft:stone_pickaxe":9,"biomesoplenty:mahogany_stairs":20,"vanillaplustools:stone_shovel":1,"quark:spruce_chest":2,"minecraft:oak_fence":6,"minecraft:stone_hoe":3,"minecraft:stone_bricks":208,"minecraft:golden_axe":1,"minecraft:oak_slab":336,"minecraft:crafting_table":8,"minecraft:spruce_planks":104,"minecraft:iron_sword":2,"adchimneys:wooden_paintbrush":1,"minecraft:campfire":4,"minecraft:stone_axe":14,"minecraft:air":0,"minecraft:bread":32,"minecraft:spruce_trapdoor":12,"minecraft:stone_brick_stairs":28,"biomesoplenty:mahogany_door":6,"minecraft:stick":40,"quark:oak_chest":6,"minecraft:iron_ingot":8,"minecraft:wooden_axe":7,"biomesoplenty:mahogany_trapdoor":52},"minecraft:killed":{"mca:female_zombie_villager":1,"minecraft:spider":17,"farlanders:fanmade_enderman":1,"minecraft:skeleton":18,"alexsmobs:leafcutter_ant":1,"minecraft:drowned":10,"farlanders:looter":2,"hunters_return:hunter":1,"minecraft:trader_llama":1,"minecraft:zombie":39,"alexsmobs:toucan":1,"alexsmobs:fly":3},"minecraft:mined":{"create:zinc_ore":9,"farmersdelight:onions":31,"minecraft:farmland":2,"biomemakeover:reed":1,"minecraft:brewing_stand":2,"biomesoplenty:mahogany_door":4,"biomesoplenty:bush":1,"minecraft:grass_block":373,"biomesoplenty:stripped_mahogany_log":47,"farmersdelight:tomatoes":28,"minecraft:spruce_leaves":1,"biomesoplenty:mahogany_sapling":3,"minecraft:large_fern":6,"minecraft:hay_block":6,"biomesoplenty:jacaranda_log":27,"adchimneys:stone_chimney":7,"minecraft:anvil":1,"minecraft:azure_bluet":1,"biomesoplenty:sea_oats":1,"minecraft:dirt_path":6,"minecraft:stripped_oak_log":8,"farmersdelight:rice_panicles":2,"minecraft:stone":362,"minecraft:spruce_slab":2,"minecraft:oak_slab":18,"minecraft:glass_pane":2,"minecraft:stone_brick_slab":9,"minecraft:crafting_table":14,"minecraft:torch":11,"minecraft:blast_furnace":2,"biomesoplenty:mahogany_planks":24,"minecraft:cobblestone":16,"farmersdelight:cabbages":40,"minecraft:tall_grass":4,"biomesoplenty:huge_clover_petal":5,"minecraft:grindstone":1,"minecraft:oak_planks":6,"biomesoplenty:mahogany_slab":5,"minecraft:wall_torch":1,"biomesoplenty:mahogany_trapdoor":9,"minecraft:seagrass":1,"minecraft:coarse_dirt":2,"biomesoplenty:mahogany_log":508,"minecraft:wheat":64,"minecraft:spruce_log":33,"minecraft:stone_brick_stairs":3,"minecraft:grass":57,"biomesoplenty:clover":5,"minecraft:oak_log":352,"biomesoplenty:mahogany_stairs":8,"quark:spruce_chest":1,"minecraft:dirt":665,"minecraft:stone_bricks":101,"minecraft:oak_leaves":17,"minecraft:fern":195,"biomemakeover:willow_leaves":1},"minecraft:used":{"minecraft:oak_fence":6,"biomesoplenty:mahogany_planks":90,"minecraft:iron_shovel":202,"minecraft:spruce_slab":2,"minecraft:stone_shovel":91,"biomesoplenty:mahogany_slab":112,"farmersdelight:cabbage_seeds":67,"farmersdelight:cabbage":32,"minecraft:iron_sword":546,"vanillaplustools:stone_hammer":57,"minecraft:stone_hoe":281,"minecraft:rotten_flesh":35,"minecraft:iron_chestplate":1,"minecraft:torch":11,"minecraft:dirt":1152,"minecraft:azure_bluet":1,"cyclic:flower_lime_carnation":3,"minecraft:stone_brick_slab":105,"biomesoplenty:mahogany_stairs":19,"minecraft:wooden_axe":355,"farmersdelight:tomato":45,"mcwfencesbop:mahogany_stockade_fence":12,"quark:spruce_chest":2,"minecraft:grass_block":1,"minecraft:iron_axe":271,"moreusefulcopper:copper_bucket":28,"minecraft:stone_brick_stairs":21,"minecraft:stone_bricks":208,"biomesoplenty:mahogany_sapling":14,"minecraft:bow":14,"minecraft:furnace":3,"tombstone:gift":9,"farmersdelight:tomato_seeds":36,"minecraft:golden_axe":35,"minecraft:wheat_seeds":238,"minecraft:oak_planks":78,"biomesoplenty:mahogany_trapdoor":49,"biomesoplenty:mahogany_log":203,"farmersdelight:onion":138,"moreusefulcopper:copper_water_bucket":27,"minecraft:oak_slab":261,"minecraft:crafting_table":21,"vanillaplustools:stone_shovel":102,"biomesoplenty:mahogany_door":9,"minecraft:campfire":4,"adchimneys:stone_chimney":11,"minecraft:spruce_log":7,"minecraft:oak_log":226,"minecraft:apple":17,"biomesoplenty:pink_daffodil":2,"minecraft:melon_slice":9,"minecraft:bread":109,"minecraft:iron_pickaxe":134,"minecraft:spruce_trapdoor":12,"minecraft:stone_axe":875,"minecraft:wooden_sword":50,"minecraft:cobblestone":16,"quark:oak_chest":6,"minecraft:coarse_dirt":2,"minecraft:stripped_oak_log":5,"minecraft:bone_meal":3,"minecraft:oak_trapdoor":4}},"DataVersion":3465}