{"stats":{"minecraft:crafted":{"minecraft:golden_axe":1,"minecraft:wooden_sword":1,"minecraft:oak_planks":16,"minecraft:crafting_table":4,"minecraft:spruce_planks":76,"biomesoplenty:mahogany_planks":192,"minecraft:iron_sword":1,"minecraft:bread":12,"minecraft:iron_axe":1,"minecraft:stick":12,"minecraft:wooden_axe":5,"quark:spruce_chest":2},"minecraft:custom":{"minecraft:interact_with_furnace":2,"minecraft:mob_kills":13,"tombstone:raider_killed":1,"minecraft:interact_with_crafting_table":11,"minecraft:open_barrel":5,"minecraft:leave_game":3,"minecraft:time_since_death":38448,"minecraft:climb_one_cm":3564,"minecraft:waystone_activated":1,"minecraft:time_since_rest":37352,"minecraft:sprint_one_cm":323478,"minecraft:damage_taken":3387,"minecraft:walk_one_cm":235197,"minecraft:drop":35,"minecraft:damage_dealt":3001,"minecraft:swim_one_cm":49175,"minecraft:fly_one_cm":485603,"minecraft:open_chest":58,"minecraft:crouch_one_cm":436,"minecraft:play_time":136402,"tombstone:undead_killed":4,"minecraft:deaths":4,"minecraft:sneak_time":242,"minecraft:walk_under_water_one_cm":3678,"minecraft:jump":2494,"minecraft:walk_on_water_one_cm":13558,"minecraft:total_world_time":136402,"minecraft:fall_one_cm":71129},"minecraft:broken":{"minecraft:golden_axe":1,"minecraft:iron_axe":1,"minecraft:wooden_axe":2},"minecraft:killed":{"hunters_return:hunter":1,"minecraft:spider":5,"farlanders:fanmade_enderman":1,"minecraft:trader_llama":1,"minecraft:zombie":4},"minecraft:picked_up":{"minecraft:crafting_table":2,"minecraft:wheat":1,"minecraft:azure_bluet":1,"minecraft:feather":2,"minecraft:chicken":1,"minecraft:anvil":1,"minecraft:lead":1,"minecraft:oak_log":185,"minecraft:brewing_stand":2,"minecraft:iron_axe":2,"farmersdelight:tomato":45,"minecraft:dirt":136,"minecraft:string":3,"biomesoplenty:stripped_mahogany_log":1,"cyclic:flower_lime_carnation":3,"minecraft:apple":13,"minecraft:wheat_seeds":17,"farmersdelight:cabbage":32,"hunters_return:boomerang":1,"minecraft:spruce_planks":112,"minecraft:grindstone":1,"fishofthieves:earthworms":14,"minecraft:iron_pickaxe":1,"artifacts:antidote_vessel":2,"minecraft:sugar_cane":12,"minecraft:iron_sword":1,"farmersdelight:cabbage_seeds":63,"minecraft:oak_slab":1,"minecraft:stick":78,"farmersdelight:rotten_tomato":1,"farmersdelight:tomato_seeds":30,"minecraft:spruce_sapling":4,"minecraft:blast_furnace":2,"minecraft:spruce_log":47,"minecraft:spider_eye":4,"biomesoplenty:mahogany_log":203,"minecraft:rotten_flesh":7,"blue_skies:ventium_ingot":1,"biomesoplenty:mahogany_sapling":40,"farmersdelight:onion":55,"minecraft:hay_block":6,"minecraft:emerald":1,"minecraft:oak_sapling":98,"minecraft:coarse_dirt":1,"minecraft:cod":2,"minecraft:ender_pearl":1,"minecraft:cobblestone":1},"minecraft:dropped":{"biomesoplenty:mahogany_log":2,"minecraft:iron_sword":1,"farmersdelight:rotten_tomato":1,"minecraft:iron_ingot":1,"minecraft:bread":6,"minecraft:wheat":2,"minecraft:chicken":1,"minecraft:apple":1,"minecraft:cod":2,"minecraft:stick":5,"minecraft:dirt":22,"minecraft:spruce_planks":74,"minecraft:mutton":6,"minecraft:wooden_axe":1,"artifacts:antidote_vessel":2,"farmersdelight:minced_beef":6,"tombstone:grave_dust":1,"minecraft:spruce_log":14,"minecraft:iron_axe":2,"minecraft:beef":5,"minecraft:iron_pickaxe":1,"farmersdelight:ham":2,"minecraft:string":2,"minecraft:spruce_sapling":4,"farmersdelight:mutton_chops":6},"minecraft:used":{"minecraft:iron_shovel":93,"minecraft:iron_sword":123,"biomesoplenty:mahogany_log":2,"minecraft:iron_chestplate":1,"minecraft:dirt":73,"minecraft:oak_slab":1,"minecraft:crafting_table":5,"minecraft:azure_bluet":1,"minecraft:spruce_log":7,"cyclic:flower_lime_carnation":3,"minecraft:wooden_axe":214,"quark:spruce_chest":2,"minecraft:iron_axe":271,"minecraft:bread":52,"minecraft:iron_pickaxe":44,"biomesoplenty:mahogany_sapling":3,"minecraft:wooden_sword":50,"tombstone:gift":2,"minecraft:golden_axe":35},"minecraft:mined":{"farmersdelight:onions":31,"minecraft:glass_pane":2,"biomemakeover:reed":1,"minecraft:brewing_stand":2,"minecraft:crafting_table":2,"biomesoplenty:bush":1,"minecraft:blast_furnace":2,"minecraft:grass_block":73,"biomesoplenty:stripped_mahogany_log":1,"farmersdelight:cabbages":31,"minecraft:tall_grass":2,"farmersdelight:tomatoes":28,"minecraft:spruce_leaves":1,"biomesoplenty:mahogany_sapling":1,"biomesoplenty:huge_clover_petal":5,"minecraft:grindstone":1,"minecraft:large_fern":3,"minecraft:seagrass":1,"minecraft:hay_block":6,"biomesoplenty:jacaranda_log":27,"minecraft:coarse_dirt":1,"biomesoplenty:mahogany_log":207,"minecraft:spruce_log":33,"minecraft:anvil":1,"minecraft:azure_bluet":1,"biomesoplenty:sea_oats":1,"minecraft:grass":27,"biomesoplenty:clover":5,"minecraft:oak_log":208,"minecraft:dirt":18,"farmersdelight:rice_panicles":2,"minecraft:oak_leaves":9,"minecraft:fern":45,"biomemakeover:willow_leaves":1}},"DataVersion":3465}