{"stats":{"minecraft:picked_up":{"minecraft:wheat":166,"minecraft:anvil":2,"minecraft:lead":1,"minecraft:enchanted_book":10,"minecraft:stone_brick_stairs":3,"minecraft:brewing_stand":2,"minecraft:string":33,"biomesoplenty:stripped_mahogany_log":47,"farmersdelight:cabbage":50,"hunters_return:boomerang":2,"minecraft:spruce_planks":156,"minecraft:rose_bush":11,"minecraft:iron_pickaxe":2,"minecraft:melon_slice":9,"farmersdelight:cabbage_seeds":134,"alexsmobs:leafcutter_ant_chamber":15,"minecraft:furnace":1,"minecraft:stick":144,"minecraft:composter":1,"farmersdelight:rotten_tomato":1,"minecraft:big_dripleaf":15,"minecraft:torch":13,"tombstone:grave_dust":10,"minecraft:orange_bed":1,"minecraft:rotten_flesh":54,"biomesoplenty:mahogany_sapling":133,"farmersdelight:onion":56,"supplementaries:ash":1,"minecraft:cod":2,"minecraft:cobblestone":488,"minecraft:feather":3,"minecraft:jungle_log":1,"minecraft:potato":1,"additional_lights:fire_for_standing_torch_s":6,"create:raw_zinc":18,"supplementaries:flax_seeds":6,"minecraft:lapis_lazuli":9,"farmersdelight:tomato":46,"minecraft:dirt":1201,"minecraft:lantern":3,"minecraft:bone":28,"farmersdelight:iron_knife":1,"minecraft:bow":3,"snowyspirit:ginger_flower":4,"minecraft:wheat_seeds":557,"minecraft:grindstone":1,"fishofthieves:earthworms":176,"minecraft:mossy_stone_bricks":3,"artifacts:antidote_vessel":4,"biomesoplenty:mahogany_planks":23,"minecraft:oak_planks":6,"minecraft:mossy_stone_brick_stairs":2,"adchimneys:stone_chimney":8,"alexscaves:uranium":4,"cyclic:flower_absalon_tulip":17,"minecraft:grass_block":1,"minecraft:bundle":1,"minecraft:diamond":2,"minecraft:writable_book":1,"minecraft:grass":1,"minecraft:golden_apple":1,"minecraft:golden_horse_armor":1,"minecraft:emerald":23,"alexsmobs:maggot":4,"biomesoplenty:pink_daffodil":2,"minecraft:oak_sapling":340,"minecraft:netherrack":1,"minecraft:coarse_dirt":2,"minecraft:crafting_table":15,"minecraft:azure_bluet":1,"minecraft:chicken":1,"tombstone:scroll_of_preservation":1,"minecraft:oak_trapdoor":1,"minecraft:iron_axe":2,"cyclic:flower_lime_carnation":12,"minecraft:cracked_stone_bricks":1,"quark:spruce_chest":1,"minecraft:spruce_slab":2,"minecraft:sugar_cane":75,"minecraft:copper_ingot":3,"minecraft:spruce_fence":1,"farmersdelight:tomato_seeds":67,"minecraft:carrot":9,"alexsmobs:leafcutter_ant_pupa":5,"alexsmobs:crocodile_scute":1,"supplementaries:sign_post_oak":1,"minecraft:arrow":20,"minecraft:stone_shovel":6,"minecraft:hay_block":71,"biomesoplenty:mahogany_stairs":8,"minecraft:gold_ingot":18,"minecraft:saddle":1,"tombstone:essence_of_undeath":2,"minecraft:stripped_oak_log":11,"biomesoplenty:mahogany_trapdoor":9,"minecraft:fern":2,"minecraft:oak_log":324,"minecraft:lily_pad":1,"farlanders:looter_hood":1,"farmersdelight:flint_knife":1,"tombstone:gift":1,"biomesoplenty:mahogany_slab":4,"minecraft:apple":17,"minecraft:stone_bricks":104,"minecraft:iron_ingot":2,"tombstone:tablet_of_guard":1,"minecraft:iron_sword":6,"minecraft:oak_slab":17,"minecraft:pumpkin":4,"minecraft:stone_brick_slab":13,"minecraft:gravel":1,"minecraft:spruce_sapling":4,"minecraft:blast_furnace":2,"minecraft:spruce_log":54,"minecraft:mossy_stone_brick_slab":4,"minecraft:spider_eye":13,"biomesoplenty:mahogany_log":481,"blue_skies:ventium_ingot":1,"minecraft:stone_axe":1,"biomesoplenty:mahogany_door":4,"tombstone:magic_scroll":2,"minecraft:coal":1,"minecraft:ender_pearl":2},"minecraft:custom":{"minecraft:interact_with_crafting_table":108,"minecraft:open_barrel":5,"minecraft:bell_ring":1,"minecraft:leave_game":5,"minecraft:time_since_death":136321,"minecraft:sprint_one_cm":868156,"minecraft:drop":122,"minecraft:play_time":541404,"minecraft:deaths":8,"minecraft:jump":7674,"minecraft:walk_on_water_one_cm":38882,"minecraft:interact_with_furnace":43,"minecraft:waystone_activated":1,"minecraft:damage_dealt":20368,"minecraft:crouch_one_cm":43844,"tombstone:undead_killed":77,"minecraft:mob_kills":114,"minecraft:climb_one_cm":11258,"minecraft:walk_one_cm":1146112,"minecraft:sneak_time":15558,"minecraft:walk_under_water_one_cm":39417,"minecraft:total_world_time":541404,"tombstone:raider_killed":1,"minecraft:time_since_rest":136105,"minecraft:damage_taken":9984,"minecraft:swim_one_cm":106376,"minecraft:fly_one_cm":1149351,"minecraft:open_chest":230,"minecraft:fall_one_cm":224511},"minecraft:dropped":{"minecraft:iron_sword":5,"biomesoplenty:mahogany_door":1,"minecraft:cod":2,"minecraft:dirt":44,"minecraft:mutton":6,"minecraft:iron_pickaxe":2,"farmersdelight:mutton_chops":6,"biomesoplenty:stripped_mahogany_log":1,"minecraft:stone_axe":2,"minecraft:sugar_cane":1,"minecraft:wheat":2,"farmersdelight:cabbage":18,"minecraft:rotten_flesh":7,"minecraft:spruce_slab":5,"minecraft:beef":5,"minecraft:iron_ingot":1,"biomesoplenty:mahogany_log":4,"minecraft:bread":8,"minecraft:wheat_seeds":106,"minecraft:cobblestone":3,"minecraft:apple":1,"minecraft:stick":5,"minecraft:wooden_axe":1,"tombstone:grave_dust":1,"adchimneys:stone_chimney":1,"minecraft:iron_axe":2,"minecraft:string":5,"minecraft:spruce_sapling":4,"farmersdelight:rotten_tomato":1,"farmersdelight:cabbage_seeds":3,"minecraft:stone_shovel":9,"minecraft:chicken":1,"minecraft:spruce_fence":1,"minecraft:hay_block":1,"fishofthieves:earthworms":1,"minecraft:spruce_planks":74,"artifacts:antidote_vessel":2,"farmersdelight:minced_beef":6,"minecraft:spider_eye":2,"minecraft:spruce_log":14,"farmersdelight:ham":2,"farmersdelight:tomato":1},"minecraft:broken":{"minecraft:iron_chestplate":1,"minecraft:stone_axe":6,"minecraft:iron_sword":2,"minecraft:wooden_axe":4,"minecraft:stone_hoe":2,"minecraft:golden_axe":1,"minecraft:iron_axe":1,"minecraft:iron_helmet":1},"minecraft:crafted":{"minecraft:oak_planks":364,"minecraft:stone":214,"biomesoplenty:mahogany_slab":150,"minecraft:stone_brick_slab":102,"moreusefulcopper:copper_bucket":1,"mcwfencesbop:mahogany_stockade_fence":12,"vanillaplustools:stone_shovel":1,"minecraft:stone_hoe":3,"minecraft:stone_bricks":208,"minecraft:oak_fence":6,"minecraft:golden_axe":1,"minecraft:oak_slab":336,"minecraft:crafting_table":8,"minecraft:spruce_planks":104,"adchimneys:wooden_paintbrush":1,"additional_lights:fire_for_standing_torch_s":1,"minecraft:campfire":4,"minecraft:stone_brick_stairs":28,"minecraft:spruce_trapdoor":12,"minecraft:stick":40,"quark:oak_chest":6,"minecraft:iron_ingot":8,"biomesoplenty:mahogany_trapdoor":52,"minecraft:shears":1,"minecraft:wooden_sword":1,"minecraft:stone_shovel":13,"vanillaplustools:stone_hammer":1,"biomesoplenty:mahogany_planks":408,"minecraft:furnace":2,"minecraft:bone_meal":3,"minecraft:oak_trapdoor":8,"minecraft:iron_axe":1,"minecraft:spruce_slab":6,"minecraft:stone_pickaxe":9,"adchimneys:stone_chimney":8,"biomesoplenty:mahogany_stairs":20,"quark:spruce_chest":2,"minecraft:wheat":576,"minecraft:iron_sword":3,"minecraft:stone_axe":14,"minecraft:bread":258,"minecraft:air":0,"biomesoplenty:mahogany_door":6,"minecraft:wooden_axe":7},"minecraft:killed":{"minecraft:spider":17,"farlanders:fanmade_enderman":1,"minecraft:skeleton":21,"alexsmobs:leafcutter_ant":3,"minecraft:parrot":1,"hunters_return:hunter":1,"minecraft:trader_llama":1,"minecraft:zombie":45,"alexsmobs:toucan":1,"alexsmobs:fly":3,"mca:female_zombie_villager":1,"alexsmobs:gorilla":1,"minecraft:drowned":10,"farlanders:looter":3,"alexsmobs:crocodile":1},"minecraft:mined":{"minecraft:farmland":2,"biomemakeover:reed":1,"minecraft:mossy_stone_brick_slab":4,"minecraft:brewing_stand":2,"biomesoplenty:mahogany_door":4,"minecraft:grass_block":376,"biomesoplenty:stripped_mahogany_log":47,"minecraft:composter":1,"supplementaries:sign_post":1,"minecraft:pumpkin":4,"minecraft:anvil":1,"minecraft:azure_bluet":1,"minecraft:dirt_path":6,"amendments:wall_lantern":2,"farmersdelight:rice_panicles":2,"minecraft:spruce_slab":2,"minecraft:orange_bed":1,"cyclic:flower_lime_carnation":11,"minecraft:torch":11,"minecraft:blast_furnace":2,"farmersdelight:cabbages":41,"minecraft:cobblestone":16,"minecraft:sugar_cane":3,"minecraft:grindstone":1,"minecraft:oak_planks":6,"biomesoplenty:mahogany_slab":5,"minecraft:wall_torch":1,"minecraft:seagrass":1,"minecraft:wheat":168,"minecraft:stone_brick_stairs":3,"minecraft:grass":86,"biomesoplenty:clover":5,"minecraft:oak_log":352,"minecraft:dirt":676,"minecraft:netherrack":2,"minecraft:oak_leaves":17,"biomemakeover:willow_leaves":1,"create:zinc_ore":9,"farmersdelight:onions":31,"farmersdelight:wild_carrots":9,"biomesoplenty:desert_grass":3,"biomesoplenty:bush":1,"alexsmobs:leafcutter_ant_chamber":19,"farmersdelight:tomatoes":28,"farmersdelight:wild_cabbages":3,"minecraft:spruce_leaves":1,"biomesoplenty:mahogany_sapling":3,"snowyspirit:wild_ginger":4,"minecraft:large_fern":7,"minecraft:hay_block":72,"biomesoplenty:jacaranda_log":27,"minecraft:oak_trapdoor":1,"adchimneys:stone_chimney":7,"minecraft:big_dripleaf_stem":4,"biomesoplenty:sea_oats":1,"minecraft:mossy_stone_brick_stairs":2,"minecraft:stripped_oak_log":8,"minecraft:stone":363,"minecraft:oak_slab":18,"cyclic:flower_absalon_tulip":18,"minecraft:glass_pane":2,"minecraft:stone_brick_slab":9,"minecraft:crafting_table":15,"biomesoplenty:mahogany_planks":24,"minecraft:rose_bush":12,"minecraft:tall_grass":5,"biomesoplenty:huge_clover_petal":5,"minecraft:lily_pad":1,"biomesoplenty:mahogany_trapdoor":9,"minecraft:big_dripleaf":4,"minecraft:coarse_dirt":2,"additional_lights:fire_for_standing_torch_s":5,"biomesoplenty:mahogany_log":508,"minecraft:spruce_log":33,"biomesoplenty:mahogany_stairs":8,"minecraft:coal_ore":1,"quark:spruce_chest":1,"minecraft:cracked_stone_bricks":1,"minecraft:stone_bricks":103,"minecraft:mossy_stone_bricks":3,"minecraft:fern":215},"minecraft:used":{"minecraft:iron_shovel":202,"minecraft:spruce_slab":2,"biomesoplenty:mahogany_slab":112,"farmersdelight:cabbage_seeds":68,"farmersdelight:cabbage":32,"minecraft:iron_sword":694,"minecraft:grass":1,"minecraft:rotten_flesh":35,"minecraft:iron_chestplate":1,"minecraft:azure_bluet":1,"farmersdelight:tomato":45,"minecraft:grass_block":1,"minecraft:stone_brick_stairs":21,"minecraft:stone_bricks":208,"biomesoplenty:mahogany_sapling":14,"minecraft:bow":16,"minecraft:furnace":3,"minecraft:potato":1,"minecraft:oak_planks":78,"biomesoplenty:mahogany_trapdoor":49,"biomesoplenty:mahogany_door":9,"adchimneys:stone_chimney":11,"minecraft:shears":1,"minecraft:bread":128,"minecraft:melon_slice":9,"minecraft:gravel":1,"minecraft:wooden_sword":50,"minecraft:coarse_dirt":2,"minecraft:bone_meal":3,"minecraft:oak_trapdoor":9,"minecraft:oak_fence":6,"biomesoplenty:mahogany_planks":90,"minecraft:stone_shovel":91,"vanillaplustools:stone_hammer":60,"minecraft:stone_hoe":282,"minecraft:torch":11,"minecraft:dirt":1152,"minecraft:golden_chestplate":1,"cyclic:flower_lime_carnation":3,"minecraft:fern":2,"biomesoplenty:mahogany_stairs":19,"minecraft:stone_brick_slab":105,"minecraft:wooden_axe":355,"mcwfencesbop:mahogany_stockade_fence":12,"quark:spruce_chest":2,"minecraft:iron_axe":271,"moreusefulcopper:copper_bucket":28,"tombstone:gift":9,"farmersdelight:tomato_seeds":36,"minecraft:golden_axe":35,"minecraft:wheat_seeds":345,"biomesoplenty:mahogany_log":203,"farmersdelight:onion":138,"moreusefulcopper:copper_water_bucket":27,"minecraft:oak_slab":261,"minecraft:crafting_table":21,"vanillaplustools:stone_shovel":107,"minecraft:campfire":4,"minecraft:spruce_log":7,"minecraft:oak_log":226,"minecraft:apple":17,"biomesoplenty:pink_daffodil":2,"minecraft:iron_pickaxe":136,"minecraft:spruce_trapdoor":12,"minecraft:stone_axe":883,"minecraft:cobblestone":28,"additional_lights:fire_for_standing_torch_s":2,"quark:oak_chest":6,"minecraft:stripped_oak_log":5}},"DataVersion":3465}